Round,Date,Time,Timezone,Team 1,FT,HT,Team 2,UTC
1,Fri Aug 6 2021,19:45,BST/+0100,AFC Bournemouth,2-2,1-1,West Bromwich Albion,2021-08-06T18:45Z
1,Sat Aug 7 2021,15:00,BST/+0100,Blackburn Rovers,2-1,1-0,Swansea City,2021-08-07T14:00Z
1,Sat Aug 7 2021,15:00,BST/+0100,Bristol City,1-1,1-0,Blackpool FC,2021-08-07T14:00Z
1,Sat Aug 7 2021,15:00,BST/+0100,Cardiff City,1-1,0-0,Barnsley FC,2021-08-07T14:00Z
1,Sat Aug 7 2021,15:00,BST/+0100,Derby County,1-1,1-1,Huddersfield Town,2021-08-07T14:00Z
1,Sat Aug 7 2021,15:00,BST/+0100,Luton Town,3-0,1-0,Peterborough United,2021-08-07T14:00Z
1,Sat Aug 7 2021,15:00,BST/+0100,Preston North End,1-4,1-1,Hull City,2021-08-07T14:00Z
1,Sat Aug 7 2021,15:00,BST/+0100,Queens Park Rangers,1-1,1-1,Millwall FC,2021-08-07T14:00Z
1,Sat Aug 7 2021,15:00,BST/+0100,Stoke City,3-2,2-1,Reading FC,2021-08-07T14:00Z
1,Sat Aug 7 2021,20:00,BST/+0100,Sheffield United,0-1,0-1,Birmingham City,2021-08-07T19:00Z
1,Sun Aug 8 2021,16:30,BST/+0100,Coventry City,2-1,0-1,Nottingham Forest,2021-08-08T15:30Z
1,Sun Aug 8 2021,13:30,BST/+0100,Fulham FC,1-1,1-0,Middlesbrough FC,2021-08-08T12:30Z
2,Sat Aug 14 2021,12:30,BST/+0100,Peterborough United,2-1,0-0,Derby County,2021-08-14T11:30Z
2,Sat Aug 14 2021,15:00,BST/+0100,Birmingham City,0-0,0-0,Stoke City,2021-08-14T14:00Z
2,Sat Aug 14 2021,15:00,BST/+0100,Blackpool FC,0-2,0-0,Cardiff City,2021-08-14T14:00Z
2,Sat Aug 14 2021,15:00,BST/+0100,Barnsley FC,1-0,1-0,Coventry City,2021-08-14T14:00Z
2,Sat Aug 14 2021,15:00,BST/+0100,Middlesbrough FC,2-1,1-0,Bristol City,2021-08-14T14:00Z
2,Sat Aug 14 2021,15:00,BST/+0100,Millwall FC,1-1,0-0,Blackburn Rovers,2021-08-14T14:00Z
2,Sat Aug 14 2021,15:00,BST/+0100,Reading FC,2-1,1-0,Preston North End,2021-08-14T14:00Z
2,Sat Aug 14 2021,15:00,BST/+0100,Huddersfield Town,1-5,1-3,Fulham FC,2021-08-14T14:00Z
2,Sat Aug 14 2021,15:00,BST/+0100,Hull City,0-3,0-1,Queens Park Rangers,2021-08-14T14:00Z
2,Sat Aug 14 2021,15:00,BST/+0100,Nottingham Forest,1-2,0-1,AFC Bournemouth,2021-08-14T14:00Z
2,Sat Aug 14 2021,15:00,BST/+0100,West Bromwich Albion,3-2,2-0,Luton Town,2021-08-14T14:00Z
2,Sat Aug 14 2021,20:00,BST/+0100,Swansea City,0-0,0-0,Sheffield United,2021-08-14T19:00Z
3,Tue Aug 17 2021,19:45,BST/+0100,Blackpool FC,0-1,0-1,Coventry City,2021-08-17T18:45Z
3,Tue Aug 17 2021,19:45,BST/+0100,Barnsley FC,0-1,0-1,Luton Town,2021-08-17T18:45Z
3,Tue Aug 17 2021,19:45,BST/+0100,Millwall FC,1-2,0-2,Fulham FC,2021-08-17T18:45Z
3,Tue Aug 17 2021,19:45,BST/+0100,Huddersfield Town,1-0,0-0,Preston North End,2021-08-17T18:45Z
3,Tue Aug 17 2021,19:45,BST/+0100,Peterborough United,2-2,0-0,Cardiff City,2021-08-17T18:45Z
3,Tue Aug 17 2021,19:45,BST/+0100,Swansea City,1-3,0-1,Stoke City,2021-08-17T18:45Z
3,Tue Aug 17 2021,20:00,BST/+0100,Reading FC,2-3,1-2,Bristol City,2021-08-17T19:00Z
3,Wed Aug 18 2021,19:45,BST/+0100,Middlesbrough FC,2-3,1-0,Queens Park Rangers,2021-08-18T18:45Z
3,Wed Aug 18 2021,19:45,BST/+0100,Hull City,0-1,0-0,Derby County,2021-08-18T18:45Z
3,Wed Aug 18 2021,19:45,BST/+0100,Nottingham Forest,1-2,0-0,Blackburn Rovers,2021-08-18T18:45Z
3,Wed Aug 18 2021,20:00,BST/+0100,West Bromwich Albion,4-0,1-0,Sheffield United,2021-08-18T19:00Z
3,Wed Aug 18 2021,19:45,BST/+0100,Birmingham City,0-2,0-0,AFC Bournemouth,2021-08-18T18:45Z
4,Fri Aug 20 2021,19:45,BST/+0100,Bristol City,0-1,0-1,Swansea City,2021-08-20T18:45Z
4,Sat Aug 21 2021,12:30,BST/+0100,Queens Park Rangers,2-2,0-2,Barnsley FC,2021-08-21T11:30Z
4,Sat Aug 21 2021,15:00,BST/+0100,AFC Bournemouth,2-2,2-0,Blackpool FC,2021-08-21T14:00Z
4,Sat Aug 21 2021,15:00,BST/+0100,Blackburn Rovers,1-2,0-2,West Bromwich Albion,2021-08-21T14:00Z
4,Sat Aug 21 2021,15:00,BST/+0100,Cardiff City,3-1,0-0,Millwall FC,2021-08-21T14:00Z
4,Sat Aug 21 2021,15:00,BST/+0100,Coventry City,2-1,0-1,Reading FC,2021-08-21T14:00Z
4,Sat Aug 21 2021,15:00,BST/+0100,Derby County,0-0,0-0,Middlesbrough FC,2021-08-21T14:00Z
4,Sat Aug 21 2021,15:00,BST/+0100,Fulham FC,2-0,2-0,Hull City,2021-08-21T14:00Z
4,Sat Aug 21 2021,15:00,BST/+0100,Luton Town,0-5,0-2,Birmingham City,2021-08-21T14:00Z
4,Sat Aug 21 2021,15:00,BST/+0100,Preston North End,1-0,1-0,Peterborough United,2021-08-21T14:00Z
4,Sat Aug 21 2021,15:00,BST/+0100,Sheffield United,1-2,0-0,Huddersfield Town,2021-08-21T14:00Z
4,Sat Aug 21 2021,15:00,BST/+0100,Stoke City,1-0,0-0,Nottingham Forest,2021-08-21T14:00Z
5,Sat Aug 28 2021,12:30,BST/+0100,Cardiff City,1-2,0-1,Bristol City,2021-08-28T11:30Z
5,Sat Aug 28 2021,12:30,BST/+0100,Derby County,1-1,1-0,Nottingham Forest,2021-08-28T11:30Z
5,Sat Aug 28 2021,15:00,BST/+0100,Barnsley FC,1-1,1-1,Birmingham City,2021-08-28T14:00Z
5,Sat Aug 28 2021,15:00,BST/+0100,Fulham FC,3-0,1-0,Stoke City,2021-08-28T14:00Z
5,Sat Aug 28 2021,15:00,BST/+0100,Middlesbrough FC,1-1,1-1,Blackburn Rovers,2021-08-28T14:00Z
5,Sat Aug 28 2021,15:00,BST/+0100,Millwall FC,2-1,0-0,Blackpool FC,2021-08-28T14:00Z
5,Sat Aug 28 2021,15:00,BST/+0100,Huddersfield Town,4-0,1-0,Reading FC,2021-08-28T14:00Z
5,Sat Aug 28 2021,15:00,BST/+0100,Hull City,0-0,0-0,AFC Bournemouth,2021-08-28T14:00Z
5,Sat Aug 28 2021,15:00,BST/+0100,Luton Town,0-0,0-0,Sheffield United,2021-08-28T14:00Z
5,Sat Aug 28 2021,15:00,BST/+0100,Preston North End,3-1,2-1,Swansea City,2021-08-28T14:00Z
5,Sat Aug 28 2021,15:00,BST/+0100,Queens Park Rangers,2-0,0-0,Coventry City,2021-08-28T14:00Z
5,Sat Aug 28 2021,20:00,BST/+0100,Peterborough United,0-1,0-0,West Bromwich Albion,2021-08-28T19:00Z
6,Fri Sep 10 2021,20:00,BST/+0100,Birmingham City,2-0,1-0,Derby County,2021-09-10T19:00Z
6,Sat Sep 11 2021,15:00,BST/+0100,AFC Bournemouth,3-0,1-0,Barnsley FC,2021-09-11T14:00Z
6,Sat Sep 11 2021,15:00,BST/+0100,Blackburn Rovers,2-2,2-0,Luton Town,2021-09-11T14:00Z
6,Sat Sep 11 2021,15:00,BST/+0100,Blackpool FC,1-0,0-0,Fulham FC,2021-09-11T14:00Z
6,Sat Sep 11 2021,15:00,BST/+0100,Bristol City,0-0,0-0,Preston North End,2021-09-11T14:00Z
6,Sat Sep 11 2021,15:00,BST/+0100,Coventry City,2-0,0-0,Middlesbrough FC,2021-09-11T14:00Z
6,Sat Sep 11 2021,15:00,BST/+0100,Reading FC,3-3,1-1,Queens Park Rangers,2021-09-11T14:00Z
6,Sat Sep 11 2021,15:00,BST/+0100,Sheffield United,6-2,1-1,Peterborough United,2021-09-11T14:00Z
6,Sat Sep 11 2021,15:00,BST/+0100,Stoke City,2-1,0-0,Huddersfield Town,2021-09-11T14:00Z
6,Sat Sep 11 2021,15:00,BST/+0100,Swansea City,0-0,0-0,Hull City,2021-09-11T14:00Z
6,Sat Sep 11 2021,15:00,BST/+0100,West Bromwich Albion,1-1,0-0,Millwall FC,2021-09-11T14:00Z
6,Sun Sep 12 2021,14:30,BST/+0100,Nottingham Forest,1-2,1-0,Cardiff City,2021-09-12T13:30Z
7,Tue Sep 14 2021,19:45,BST/+0100,AFC Bournemouth,2-1,2-0,Queens Park Rangers,2021-09-14T18:45Z
7,Tue Sep 14 2021,19:45,BST/+0100,Blackburn Rovers,2-0,0-0,Hull City,2021-09-14T18:45Z
7,Tue Sep 14 2021,19:45,BST/+0100,Blackpool FC,0-3,0-0,Huddersfield Town,2021-09-14T18:45Z
7,Tue Sep 14 2021,19:45,BST/+0100,Sheffield United,2-2,1-1,Preston North End,2021-09-14T18:45Z
7,Tue Sep 14 2021,20:00,BST/+0100,Reading FC,3-1,0-0,Peterborough United,2021-09-14T19:00Z
7,Tue Sep 14 2021,20:00,BST/+0100,West Bromwich Albion,0-0,0-0,Derby County,2021-09-14T19:00Z
7,Wed Sep 15 2021,19:45,BST/+0100,Bristol City,1-1,0-0,Luton Town,2021-09-15T18:45Z
7,Wed Sep 15 2021,19:45,BST/+0100,Coventry City,1-0,1-0,Cardiff City,2021-09-15T18:45Z
7,Wed Sep 15 2021,19:45,BST/+0100,Nottingham Forest,0-2,0-1,Middlesbrough FC,2021-09-15T18:45Z
7,Wed Sep 15 2021,19:45,BST/+0100,Swansea City,0-0,0-0,Millwall FC,2021-09-15T18:45Z
7,Wed Sep 15 2021,19:45,BST/+0100,Stoke City,1-1,1-1,Barnsley FC,2021-09-15T18:45Z
7,Wed Sep 15 2021,19:45,BST/+0100,Birmingham City,1-4,0-2,Fulham FC,2021-09-15T18:45Z
8,Sat Sep 18 2021,12:30,BST/+0100,Hull City,1-3,0-1,Sheffield United,2021-09-18T11:30Z
8,Sat Sep 18 2021,15:00,BST/+0100,Cardiff City,0-1,0-0,AFC Bournemouth,2021-09-18T14:00Z
8,Sat Sep 18 2021,15:00,BST/+0100,Derby County,2-1,2-0,Stoke City,2021-09-18T14:00Z
8,Sat Sep 18 2021,15:00,BST/+0100,Barnsley FC,0-0,0-0,Blackburn Rovers,2021-09-18T14:00Z
8,Sat Sep 18 2021,15:00,BST/+0100,Fulham FC,1-2,0-1,Reading FC,2021-09-18T14:00Z
8,Sat Sep 18 2021,15:00,BST/+0100,Middlesbrough FC,1-2,1-0,Blackpool FC,2021-09-18T14:00Z
8,Sat Sep 18 2021,15:00,BST/+0100,Millwall FC,1-1,1-1,Coventry City,2021-09-18T14:00Z
8,Sat Sep 18 2021,15:00,BST/+0100,Huddersfield Town,0-2,0-1,Nottingham Forest,2021-09-18T14:00Z
8,Sat Sep 18 2021,15:00,BST/+0100,Luton Town,3-3,3-0,Swansea City,2021-09-18T14:00Z
8,Sat Sep 18 2021,15:00,BST/+0100,Peterborough United,3-0,2-0,Birmingham City,2021-09-18T14:00Z
8,Sat Sep 18 2021,15:00,BST/+0100,Preston North End,1-1,1-1,West Bromwich Albion,2021-09-18T14:00Z
8,Sat Sep 18 2021,15:00,BST/+0100,Queens Park Rangers,1-2,0-1,Bristol City,2021-09-18T14:00Z
9,Fri Sep 24 2021,20:00,BST/+0100,West Bromwich Albion,2-1,0-1,Queens Park Rangers,2021-09-24T19:00Z
9,Fri Sep 24 2021,19:45,BST/+0100,Coventry City,3-0,0-0,Peterborough United,2021-09-24T18:45Z
9,Sat Sep 25 2021,12:30,BST/+0100,Reading FC,1-0,0-0,Middlesbrough FC,2021-09-25T11:30Z
9,Sat Sep 25 2021,15:00,BST/+0100,AFC Bournemouth,2-1,2-0,Luton Town,2021-09-25T14:00Z
9,Sat Sep 25 2021,15:00,BST/+0100,Birmingham City,0-0,0-0,Preston North End,2021-09-25T14:00Z
9,Sat Sep 25 2021,15:00,BST/+0100,Blackburn Rovers,5-1,3-0,Cardiff City,2021-09-25T14:00Z
9,Sat Sep 25 2021,15:00,BST/+0100,Blackpool FC,1-0,1-0,Barnsley FC,2021-09-25T14:00Z
9,Sat Sep 25 2021,15:00,BST/+0100,Bristol City,1-1,0-0,Fulham FC,2021-09-25T14:00Z
9,Sat Sep 25 2021,15:00,BST/+0100,Nottingham Forest,1-1,0-1,Millwall FC,2021-09-25T14:00Z
9,Sat Sep 25 2021,15:00,BST/+0100,Sheffield United,1-0,0-0,Derby County,2021-09-25T14:00Z
9,Sat Sep 25 2021,15:00,BST/+0100,Stoke City,2-0,1-0,Hull City,2021-09-25T14:00Z
9,Sat Sep 25 2021,15:00,BST/+0100,Swansea City,1-0,1-0,Huddersfield Town,2021-09-25T14:00Z
10,Tue Sep 28 2021,19:45,BST/+0100,Middlesbrough FC,2-0,2-0,Sheffield United,2021-09-28T18:45Z
10,Tue Sep 28 2021,19:45,BST/+0100,Huddersfield Town,3-2,1-0,Blackburn Rovers,2021-09-28T18:45Z
10,Tue Sep 28 2021,19:45,BST/+0100,Hull City,1-1,0-1,Blackpool FC,2021-09-28T18:45Z
10,Tue Sep 28 2021,19:45,BST/+0100,Preston North End,1-1,1-1,Stoke City,2021-09-28T18:45Z
10,Tue Sep 28 2021,19:45,BST/+0100,Queens Park Rangers,2-0,1-0,Birmingham City,2021-09-28T18:45Z
10,Tue Sep 28 2021,19:45,BST/+0100,Cardiff City,0-4,0-1,West Bromwich Albion,2021-09-28T18:45Z
10,Wed Sep 29 2021,19:45,BST/+0100,Derby County,1-0,1-0,Reading FC,2021-09-29T18:45Z
10,Wed Sep 29 2021,19:45,BST/+0100,Barnsley FC,1-3,1-0,Nottingham Forest,2021-09-29T18:45Z
10,Wed Sep 29 2021,19:45,BST/+0100,Fulham FC,3-1,3-1,Swansea City,2021-09-29T18:45Z
10,Wed Sep 29 2021,19:45,BST/+0100,Millwall FC,1-0,0-0,Bristol City,2021-09-29T18:45Z
10,Wed Sep 29 2021,19:45,BST/+0100,Luton Town,5-0,4-0,Coventry City,2021-09-29T18:45Z
10,Wed Sep 29 2021,19:45,BST/+0100,Peterborough United,0-0,0-0,AFC Bournemouth,2021-09-29T18:45Z
11,Fri Oct 1 2021,19:45,BST/+0100,Stoke City,1-0,0-0,West Bromwich Albion,2021-10-01T18:45Z
11,Sat Oct 2 2021,12:30,BST/+0100,Coventry City,4-1,0-1,Fulham FC,2021-10-02T11:30Z
11,Sat Oct 2 2021,15:00,BST/+0100,AFC Bournemouth,2-1,0-0,Sheffield United,2021-10-02T14:00Z
11,Sat Oct 2 2021,15:00,BST/+0100,Birmingham City,0-3,0-2,Nottingham Forest,2021-10-02T14:00Z
11,Sat Oct 2 2021,15:00,BST/+0100,Blackpool FC,2-1,2-0,Blackburn Rovers,2021-10-02T14:00Z
11,Sat Oct 2 2021,15:00,BST/+0100,Cardiff City,0-1,0-1,Reading FC,2021-10-02T14:00Z
11,Sat Oct 2 2021,15:00,BST/+0100,Derby County,0-0,0-0,Swansea City,2021-10-02T14:00Z
11,Sat Oct 2 2021,15:00,BST/+0100,Barnsley FC,0-1,0-0,Millwall FC,2021-10-02T14:00Z
11,Sat Oct 2 2021,15:00,BST/+0100,Hull City,2-0,0-0,Middlesbrough FC,2021-10-02T14:00Z
11,Sat Oct 2 2021,15:00,BST/+0100,Luton Town,0-0,0-0,Huddersfield Town,2021-10-02T14:00Z
11,Sat Oct 2 2021,15:00,BST/+0100,Peterborough United,2-3,2-2,Bristol City,2021-10-02T14:00Z
11,Sat Oct 2 2021,15:00,BST/+0100,Queens Park Rangers,3-2,1-1,Preston North End,2021-10-02T14:00Z
12,Fri Oct 15 2021,20:00,BST/+0100,West Bromwich Albion,1-0,0-0,Birmingham City,2021-10-15T19:00Z
12,Sat Oct 16 2021,12:30,BST/+0100,Fulham FC,4-1,1-0,Queens Park Rangers,2021-10-16T11:30Z
12,Sat Oct 16 2021,15:00,BST/+0100,Blackburn Rovers,2-2,2-0,Coventry City,2021-10-16T14:00Z
12,Sat Oct 16 2021,15:00,BST/+0100,Bristol City,0-2,0-2,AFC Bournemouth,2021-10-16T14:00Z
12,Sat Oct 16 2021,15:00,BST/+0100,Middlesbrough FC,2-0,0-0,Peterborough United,2021-10-16T14:00Z
12,Sat Oct 16 2021,15:00,BST/+0100,Millwall FC,0-2,0-1,Luton Town,2021-10-16T14:00Z
12,Sat Oct 16 2021,15:00,BST/+0100,Reading FC,1-0,0-0,Barnsley FC,2021-10-16T14:00Z
12,Sat Oct 16 2021,15:00,BST/+0100,Huddersfield Town,2-0,1-0,Hull City,2021-10-16T14:00Z
12,Sat Oct 16 2021,15:00,BST/+0100,Nottingham Forest,2-1,1-0,Blackpool FC,2021-10-16T14:00Z
12,Sat Oct 16 2021,15:00,BST/+0100,Preston North End,0-0,0-0,Derby County,2021-10-16T14:00Z
12,Sat Oct 16 2021,15:00,BST/+0100,Sheffield United,2-1,0-0,Stoke City,2021-10-16T14:00Z
12,Sun Oct 17 2021,12:00,BST/+0100,Swansea City,3-0,1-0,Cardiff City,2021-10-17T11:00Z
13,Tue Oct 19 2021,19:45,BST/+0100,Derby County,2-2,1-0,Luton Town,2021-10-19T18:45Z
13,Tue Oct 19 2021,19:45,BST/+0100,Queens Park Rangers,1-0,0-0,Blackburn Rovers,2021-10-19T18:45Z
13,Tue Oct 19 2021,19:45,BST/+0100,Sheffield United,1-2,1-1,Millwall FC,2021-10-19T18:45Z
13,Tue Oct 19 2021,19:45,BST/+0100,Stoke City,0-1,0-0,AFC Bournemouth,2021-10-19T18:45Z
13,Tue Oct 19 2021,19:45,BST/+0100,Bristol City,1-2,1-0,Nottingham Forest,2021-10-19T18:45Z
13,Wed Oct 20 2021,19:45,BST/+0100,Fulham FC,2-0,0-0,Cardiff City,2021-10-20T18:45Z
13,Wed Oct 20 2021,19:45,BST/+0100,Middlesbrough FC,2-0,1-0,Barnsley FC,2021-10-20T18:45Z
13,Wed Oct 20 2021,19:45,BST/+0100,Huddersfield Town,0-0,0-0,Birmingham City,2021-10-20T18:45Z
13,Wed Oct 20 2021,19:45,BST/+0100,Hull City,1-2,1-1,Peterborough United,2021-10-20T18:45Z
13,Wed Oct 20 2021,19:45,BST/+0100,Preston North End,2-1,0-1,Coventry City,2021-10-20T18:45Z
13,Wed Oct 20 2021,19:45,BST/+0100,Swansea City,2-1,0-1,West Bromwich Albion,2021-10-20T18:45Z
13,Wed Oct 20 2021,20:00,BST/+0100,Reading FC,2-3,2-0,Blackpool FC,2021-10-20T19:00Z
14,Sat Oct 23 2021,12:30,BST/+0100,Cardiff City,0-2,0-1,Middlesbrough FC,2021-10-23T11:30Z
14,Sat Oct 23 2021,15:00,BST/+0100,AFC Bournemouth,3-0,2-0,Huddersfield Town,2021-10-23T14:00Z
14,Sat Oct 23 2021,15:00,BST/+0100,Birmingham City,2-1,0-0,Swansea City,2021-10-23T14:00Z
14,Sat Oct 23 2021,15:00,BST/+0100,Blackburn Rovers,2-0,0-0,Reading FC,2021-10-23T14:00Z
14,Sat Oct 23 2021,15:00,BST/+0100,Blackpool FC,2-0,1-0,Preston North End,2021-10-23T14:00Z
14,Sat Oct 23 2021,15:00,BST/+0100,Coventry City,1-1,1-0,Derby County,2021-10-23T14:00Z
14,Sat Oct 23 2021,15:00,BST/+0100,Millwall FC,2-1,0-1,Stoke City,2021-10-23T14:00Z
14,Sat Oct 23 2021,15:00,BST/+0100,Luton Town,1-0,1-0,Hull City,2021-10-23T14:00Z
14,Sat Oct 23 2021,15:00,BST/+0100,Peterborough United,2-1,0-0,Queens Park Rangers,2021-10-23T14:00Z
14,Sat Oct 23 2021,15:00,BST/+0100,West Bromwich Albion,3-0,2-0,Bristol City,2021-10-23T14:00Z
14,Sun Oct 24 2021,15:00,BST/+0100,Nottingham Forest,0-4,0-1,Fulham FC,2021-10-24T14:00Z
14,Sun Oct 24 2021,12:30,BST/+0100,Barnsley FC,2-3,0-0,Sheffield United,2021-10-24T11:30Z
15,Fri Oct 29 2021,19:45,BST/+0100,Queens Park Rangers,1-1,1-0,Nottingham Forest,2021-10-29T18:45Z
15,Sat Oct 30 2021,12:30,BST/+0100,Fulham FC,3-0,2-0,West Bromwich Albion,2021-10-30T11:30Z
15,Sat Oct 30 2021,15:00,BST/+0100,Bristol City,2-1,2-1,Barnsley FC,2021-10-30T14:00Z
15,Sat Oct 30 2021,15:00,BST/+0100,Derby County,1-2,0-2,Blackburn Rovers,2021-10-30T14:00Z
15,Sat Oct 30 2021,15:00,BST/+0100,Middlesbrough FC,0-2,0-0,Birmingham City,2021-10-30T14:00Z
15,Sat Oct 30 2021,15:00,BST/+0100,Huddersfield Town,1-0,0-0,Millwall FC,2021-10-30T14:00Z
15,Sat Oct 30 2021,15:00,BST/+0100,Hull City,0-1,0-1,Coventry City,2021-10-30T14:00Z
15,Sat Oct 30 2021,15:00,BST/+0100,Preston North End,2-0,2-0,Luton Town,2021-10-30T14:00Z
15,Sat Oct 30 2021,15:00,BST/+0100,Sheffield United,0-1,0-0,Blackpool FC,2021-10-30T14:00Z
15,Sat Oct 30 2021,15:00,BST/+0100,Stoke City,3-3,2-0,Cardiff City,2021-10-30T14:00Z
15,Sat Oct 30 2021,15:00,BST/+0100,Swansea City,3-0,3-0,Peterborough United,2021-10-30T14:00Z
15,Sat Oct 30 2021,20:00,BST/+0100,Reading FC,0-2,0-1,AFC Bournemouth,2021-10-30T19:00Z
16,Tue Nov 2 2021,19:45,GMT/+0000,Coventry City,1-2,1-2,Swansea City,2021-11-02T19:45Z
16,Tue Nov 2 2021,19:45,GMT/+0000,Millwall FC,1-0,0-0,Reading FC,2021-11-02T19:45Z
16,Tue Nov 2 2021,19:45,GMT/+0000,Luton Town,3-1,0-1,Middlesbrough FC,2021-11-02T19:45Z
16,Tue Nov 2 2021,19:45,GMT/+0000,Nottingham Forest,1-1,0-0,Sheffield United,2021-11-02T19:45Z
16,Tue Nov 2 2021,19:45,GMT/+0000,Peterborough United,1-1,0-0,Huddersfield Town,2021-11-02T19:45Z
16,Tue Nov 2 2021,19:45,GMT/+0000,Birmingham City,3-0,1-0,Bristol City,2021-11-02T19:45Z
16,Wed Nov 3 2021,19:45,GMT/+0000,AFC Bournemouth,1-2,0-0,Preston North End,2021-11-03T19:45Z
16,Wed Nov 3 2021,19:45,GMT/+0000,Blackburn Rovers,0-7,0-2,Fulham FC,2021-11-03T19:45Z
16,Wed Nov 3 2021,19:45,GMT/+0000,Blackpool FC,0-1,0-0,Stoke City,2021-11-03T19:45Z
16,Wed Nov 3 2021,19:45,GMT/+0000,Cardiff City,0-1,0-1,Queens Park Rangers,2021-11-03T19:45Z
16,Wed Nov 3 2021,19:45,GMT/+0000,Barnsley FC,2-1,1-1,Derby County,2021-11-03T19:45Z
16,Wed Nov 3 2021,20:00,GMT/+0000,West Bromwich Albion,1-0,0-0,Hull City,2021-11-03T20:00Z
17,Sat Nov 6 2021,15:00,GMT/+0000,AFC Bournemouth,4-0,1-0,Swansea City,2021-11-06T15:00Z
17,Sat Nov 6 2021,15:00,GMT/+0000,Blackburn Rovers,3-1,1-1,Sheffield United,2021-11-06T15:00Z
17,Sat Nov 6 2021,15:00,GMT/+0000,Cardiff City,2-1,0-1,Huddersfield Town,2021-11-06T15:00Z
17,Sat Nov 6 2021,15:00,GMT/+0000,Coventry City,3-2,0-1,Bristol City,2021-11-06T15:00Z
17,Sat Nov 6 2021,15:00,GMT/+0000,Barnsley FC,0-2,0-1,Hull City,2021-11-06T15:00Z
17,Sat Nov 6 2021,15:00,GMT/+0000,Millwall FC,1-1,1-1,Derby County,2021-11-06T15:00Z
17,Sat Nov 6 2021,15:00,GMT/+0000,Luton Town,0-1,0-1,Stoke City,2021-11-06T15:00Z
17,Sat Nov 6 2021,15:00,GMT/+0000,Nottingham Forest,3-0,2-0,Preston North End,2021-11-06T15:00Z
17,Sat Nov 6 2021,15:00,GMT/+0000,Peterborough United,0-1,0-0,Fulham FC,2021-11-06T15:00Z
17,Sat Nov 6 2021,15:00,GMT/+0000,West Bromwich Albion,1-1,0-1,Middlesbrough FC,2021-11-06T15:00Z
17,Sat Nov 6 2021,15:30,GMT/+0000,Birmingham City,1-2,1-0,Reading FC,2021-11-06T15:30Z
17,Sat Nov 6 2021,17:30,GMT/+0000,Blackpool FC,1-1,0-1,Queens Park Rangers,2021-11-06T17:30Z
18,Fri Nov 19 2021,19:45,GMT/+0000,Queens Park Rangers,2-0,1-0,Luton Town,2021-11-19T19:45Z
18,Sat Nov 20 2021,12:30,GMT/+0000,Sheffield United,0-0,0-0,Coventry City,2021-11-20T12:30Z
18,Sat Nov 20 2021,15:00,GMT/+0000,Bristol City,1-1,1-0,Blackburn Rovers,2021-11-20T15:00Z
18,Sat Nov 20 2021,15:00,GMT/+0000,Fulham FC,4-1,2-0,Barnsley FC,2021-11-20T15:00Z
18,Sat Nov 20 2021,15:00,GMT/+0000,Middlesbrough FC,1-1,1-1,Millwall FC,2021-11-20T15:00Z
18,Sat Nov 20 2021,15:00,GMT/+0000,Reading FC,1-1,0-1,Nottingham Forest,2021-11-20T15:00Z
18,Sat Nov 20 2021,15:00,GMT/+0000,Huddersfield Town,1-0,1-0,West Bromwich Albion,2021-11-20T15:00Z
18,Sat Nov 20 2021,15:00,GMT/+0000,Hull City,2-0,1-0,Birmingham City,2021-11-20T15:00Z
18,Sat Nov 20 2021,15:00,GMT/+0000,Preston North End,1-2,1-0,Cardiff City,2021-11-20T15:00Z
18,Sat Nov 20 2021,15:00,GMT/+0000,Stoke City,2-0,1-0,Peterborough United,2021-11-20T15:00Z
18,Sat Nov 20 2021,15:00,GMT/+0000,Swansea City,1-1,1-0,Blackpool FC,2021-11-20T15:00Z
18,Sun Nov 21 2021,12:00,GMT/+0000,Derby County,3-2,1-2,AFC Bournemouth,2021-11-21T12:00Z
19,Tue Nov 23 2021,19:45,GMT/+0000,Coventry City,0-0,0-0,Birmingham City,2021-11-23T19:45Z
19,Tue Nov 23 2021,19:45,GMT/+0000,Middlesbrough FC,1-2,1-0,Preston North End,2021-11-23T19:45Z
19,Tue Nov 23 2021,19:45,GMT/+0000,Nottingham Forest,0-0,0-0,Luton Town,2021-11-23T19:45Z
19,Tue Nov 23 2021,20:00,GMT/+0000,Reading FC,0-1,0-0,Sheffield United,2021-11-23T20:00Z
19,Tue Nov 23 2021,19:45,GMT/+0000,Blackpool FC,0-0,0-0,West Bromwich Albion,2021-11-23T19:45Z
19,Wed Nov 24 2021,19:45,GMT/+0000,Fulham FC,0-0,0-0,Derby County,2021-11-24T19:45Z
19,Wed Nov 24 2021,19:45,GMT/+0000,Blackburn Rovers,4-0,3-0,Peterborough United,2021-11-24T19:45Z
19,Wed Nov 24 2021,19:45,GMT/+0000,Bristol City,1-0,1-0,Stoke City,2021-11-24T19:45Z
19,Wed Nov 24 2021,19:45,GMT/+0000,Cardiff City,0-1,0-1,Hull City,2021-11-24T19:45Z
19,Wed Nov 24 2021,19:45,GMT/+0000,Barnsley FC,0-2,0-0,Swansea City,2021-11-24T19:45Z
19,Wed Nov 24 2021,19:45,GMT/+0000,Millwall FC,1-1,0-1,AFC Bournemouth,2021-11-24T19:45Z
19,Wed Nov 24 2021,19:45,GMT/+0000,Queens Park Rangers,1-0,0-0,Huddersfield Town,2021-11-24T19:45Z
20,Fri Nov 26 2021,20:00,GMT/+0000,West Bromwich Albion,0-0,0-0,Nottingham Forest,2021-11-26T20:00Z
20,Sat Nov 27 2021,12:30,GMT/+0000,Preston North End,1-1,0-1,Fulham FC,2021-11-27T12:30Z
20,Sat Nov 27 2021,15:00,GMT/+0000,AFC Bournemouth,2-2,1-0,Coventry City,2021-11-27T15:00Z
20,Sat Nov 27 2021,15:00,GMT/+0000,Birmingham City,1-0,0-0,Blackpool FC,2021-11-27T15:00Z
20,Sat Nov 27 2021,15:00,GMT/+0000,Huddersfield Town,1-2,0-2,Middlesbrough FC,2021-11-27T15:00Z
20,Sat Nov 27 2021,15:00,GMT/+0000,Hull City,2-1,1-1,Millwall FC,2021-11-27T15:00Z
20,Sat Nov 27 2021,15:00,GMT/+0000,Luton Town,1-2,0-1,Cardiff City,2021-11-27T15:00Z
20,Sat Nov 27 2021,15:00,GMT/+0000,Peterborough United,0-0,0-0,Barnsley FC,2021-11-27T15:00Z
20,Sat Nov 27 2021,15:00,GMT/+0000,Stoke City,0-1,0-0,Blackburn Rovers,2021-11-27T15:00Z
20,Sat Nov 27 2021,15:00,GMT/+0000,Swansea City,2-3,1-2,Reading FC,2021-11-27T15:00Z
20,Sun Nov 28 2021,12:30,GMT/+0000,Sheffield United,2-0,1-0,Bristol City,2021-11-28T12:30Z
20,Mon Nov 29 2021,19:45,GMT/+0000,Derby County,1-2,1-0,Queens Park Rangers,2021-11-29T19:45Z
21,Fri Dec 3 2021,19:45,GMT/+0000,Fulham FC,1-1,0-0,AFC Bournemouth,2021-12-03T19:45Z
21,Sat Dec 4 2021,12:30,GMT/+0000,Coventry City,1-2,0-2,West Bromwich Albion,2021-12-04T12:30Z
21,Sat Dec 4 2021,15:00,GMT/+0000,Blackburn Rovers,1-0,0-0,Preston North End,2021-12-04T15:00Z
21,Sat Dec 4 2021,15:00,GMT/+0000,Blackpool FC,0-3,0-1,Luton Town,2021-12-04T15:00Z
21,Sat Dec 4 2021,15:00,GMT/+0000,Bristol City,1-0,1-0,Derby County,2021-12-04T15:00Z
21,Sat Dec 4 2021,15:00,GMT/+0000,Cardiff City,2-3,1-0,Sheffield United,2021-12-04T15:00Z
21,Sat Dec 4 2021,15:00,GMT/+0000,Barnsley FC,1-1,1-1,Huddersfield Town,2021-12-04T15:00Z
21,Sat Dec 4 2021,15:00,GMT/+0000,Middlesbrough FC,1-0,1-0,Swansea City,2021-12-04T15:00Z
21,Sat Dec 4 2021,15:00,GMT/+0000,Millwall FC,3-1,2-0,Birmingham City,2021-12-04T15:00Z
21,Sat Dec 4 2021,15:00,GMT/+0000,Reading FC,1-1,1-0,Hull City,2021-12-04T15:00Z
21,Sat Dec 4 2021,15:00,GMT/+0000,Nottingham Forest,2-0,0-0,Peterborough United,2021-12-04T15:00Z
21,Sun Dec 5 2021,14:30,GMT/+0000,Queens Park Rangers,0-2,0-1,Stoke City,2021-12-05T14:30Z
22,Sat Dec 11 2021,12:30,GMT/+0000,Huddersfield Town,1-1,1-0,Coventry City,2021-12-11T12:30Z
22,Sat Dec 11 2021,15:00,GMT/+0000,AFC Bournemouth,0-2,0-1,Blackburn Rovers,2021-12-11T15:00Z
22,Sat Dec 11 2021,15:00,GMT/+0000,Birmingham City,2-2,2-0,Cardiff City,2021-12-11T15:00Z
22,Sat Dec 11 2021,15:00,GMT/+0000,Derby County,1-0,0-0,Blackpool FC,2021-12-11T15:00Z
22,Sat Dec 11 2021,15:00,GMT/+0000,Hull City,2-2,1-0,Bristol City,2021-12-11T15:00Z
22,Sat Dec 11 2021,15:00,GMT/+0000,Luton Town,1-1,0-1,Fulham FC,2021-12-11T15:00Z
22,Sat Dec 11 2021,15:00,GMT/+0000,Peterborough United,2-1,0-1,Millwall FC,2021-12-11T15:00Z
22,Sat Dec 11 2021,15:00,GMT/+0000,Preston North End,2-1,0-0,Barnsley FC,2021-12-11T15:00Z
22,Sat Dec 11 2021,15:00,GMT/+0000,Stoke City,0-0,0-0,Middlesbrough FC,2021-12-11T15:00Z
22,Sat Dec 11 2021,15:00,GMT/+0000,Swansea City,1-4,0-0,Nottingham Forest,2021-12-11T15:00Z
22,Sat Dec 11 2021,15:00,GMT/+0000,West Bromwich Albion,1-0,0-0,Reading FC,2021-12-11T15:00Z
23,Fri Dec 17 2021,19:45,GMT/+0000,Barnsley FC,0-0,0-0,West Bromwich Albion,2021-12-17T19:45Z
23,Sat Dec 18 2021,12:30,GMT/+0000,Middlesbrough FC,1-0,0-0,AFC Bournemouth,2021-12-18T12:30Z
23,Sat Dec 18 2021,15:00,GMT/+0000,Blackburn Rovers,4-0,1-0,Birmingham City,2021-12-18T15:00Z
23,Sat Dec 18 2021,15:00,GMT/+0000,Blackpool FC,3-1,1-1,Peterborough United,2021-12-18T15:00Z
23,Sat Dec 18 2021,15:00,GMT/+0000,Bristol City,2-3,1-1,Huddersfield Town,2021-12-18T15:00Z
23,Sat Dec 18 2021,15:00,GMT/+0000,Nottingham Forest,2-1,0-1,Hull City,2021-12-18T15:00Z
23,Mon Dec 20 2021,19:45,GMT/+0000,Fulham FC,0-1,0-1,Sheffield United,2021-12-20T19:45Z
24,Sun Dec 26 2021,15:00,GMT/+0000,Huddersfield Town,3-2,1-2,Blackpool FC,2021-12-26T15:00Z
24,Sun Dec 26 2021,15:00,GMT/+0000,Middlesbrough FC,2-0,1-0,Nottingham Forest,2021-12-26T15:00Z
24,Mon Dec 27 2021,15:00,GMT/+0000,Derby County,1-0,0-0,West Bromwich Albion,2021-12-27T15:00Z
24,Mon Dec 27 2021,17:30,GMT/+0000,Queens Park Rangers,0-1,0-1,AFC Bournemouth,2021-12-27T17:30Z
25,Wed Dec 29 2021,19:45,GMT/+0000,Blackburn Rovers,2-1,1-1,Barnsley FC,2021-12-29T19:45Z
25,Wed Dec 29 2021,19:45,GMT/+0000,Coventry City,0-1,0-0,Millwall FC,2021-12-29T19:45Z
25,Wed Dec 29 2021,19:45,GMT/+0000,Blackpool FC,1-2,0-0,Middlesbrough FC,2021-12-29T19:45Z
25,Thu Dec 30 2021,19:45,GMT/+0000,Stoke City,1-2,0-1,Derby County,2021-12-30T19:45Z
25,Thu Dec 30 2021,19:45,GMT/+0000,AFC Bournemouth,3-0,1-0,Cardiff City,2021-12-30T19:45Z
25,Thu Dec 30 2021,19:45,GMT/+0000,Bristol City,1-2,1-1,Queens Park Rangers,2021-12-30T19:45Z
25,Thu Dec 30 2021,19:45,GMT/+0000,Nottingham Forest,0-1,0-1,Huddersfield Town,2021-12-30T19:45Z
26,Sat Jan 1 2022,15:00,GMT/+0000,Blackpool FC,1-0,1-0,Hull City,2022-01-01T15:00Z
26,Sun Jan 2 2022,14:00,GMT/+0000,West Bromwich Albion,1-1,0-1,Cardiff City,2022-01-02T14:00Z
26,Sun Jan 2 2022,14:15,GMT/+0000,Blackburn Rovers,0-0,0-0,Huddersfield Town,2022-01-02T14:15Z
26,Sun Jan 2 2022,13:00,GMT/+0000,Bristol City,3-2,1-2,Millwall FC,2022-01-02T13:00Z
26,Sun Jan 2 2022,14:00,GMT/+0000,Birmingham City,1-2,0-1,Queens Park Rangers,2022-01-02T14:00Z
26,Mon Jan 3 2022,15:00,GMT/+0000,Stoke City,1-2,0-0,Preston North End,2022-01-03T15:00Z
26,Mon Jan 3 2022,15:00,GMT/+0000,Reading FC,2-2,1-0,Derby County,2022-01-03T15:00Z
25,Tue Jan 11 2022,20:00,GMT/+0000,Reading FC,0-7,0-2,Fulham FC,2022-01-11T20:00Z
27,Sat Jan 15 2022,12:30,GMT/+0000,Cardiff City,0-1,0-1,Blackburn Rovers,2022-01-15T12:30Z
27,Sat Jan 15 2022,15:00,GMT/+0000,Fulham FC,6-2,5-2,Bristol City,2022-01-15T15:00Z
27,Sat Jan 15 2022,15:00,GMT/+0000,Millwall FC,0-1,0-0,Nottingham Forest,2022-01-15T15:00Z
27,Sat Jan 15 2022,15:00,GMT/+0000,Huddersfield Town,1-1,1-0,Swansea City,2022-01-15T15:00Z
27,Sat Jan 15 2022,15:00,GMT/+0000,Peterborough United,1-4,1-2,Coventry City,2022-01-15T15:00Z
27,Sat Jan 15 2022,15:00,GMT/+0000,Middlesbrough FC,2-1,0-0,Reading FC,2022-01-15T15:00Z
27,Sat Jan 15 2022,12:30,GMT/+0000,Luton Town,3-2,2-0,AFC Bournemouth,2022-01-15T12:30Z
27,Sat Jan 15 2022,15:00,GMT/+0000,Queens Park Rangers,1-0,0-0,West Bromwich Albion,2022-01-15T15:00Z
27,Sat Jan 15 2022,15:00,GMT/+0000,Preston North End,1-1,1-0,Birmingham City,2022-01-15T15:00Z
27,Sat Jan 15 2022,15:00,GMT/+0000,Derby County,2-0,0-0,Sheffield United,2022-01-15T15:00Z
27,Sun Jan 16 2022,12:00,GMT/+0000,Hull City,0-2,0-1,Stoke City,2022-01-16T12:00Z
24,Tue Jan 18 2022,19:45,GMT/+0000,Preston North End,2-2,0-2,Sheffield United,2022-01-18T19:45Z
24,Tue Jan 18 2022,19:45,GMT/+0000,Fulham FC,6-2,4-1,Birmingham City,2022-01-18T19:45Z
24,Wed Jan 19 2022,19:45,GMT/+0000,Hull City,2-0,1-0,Blackburn Rovers,2022-01-19T19:45Z
23,Wed Jan 19 2022,20:00,GMT/+0000,Reading FC,0-2,0-1,Luton Town,2022-01-19T20:00Z
28,Sat Jan 22 2022,15:00,GMT/+0000,Reading FC,3-4,3-3,Huddersfield Town,2022-01-22T15:00Z
28,Sat Jan 22 2022,15:00,GMT/+0000,Coventry City,1-2,0-1,Queens Park Rangers,2022-01-22T15:00Z
28,Sat Jan 22 2022,15:00,GMT/+0000,Sheffield United,2-0,0-0,Luton Town,2022-01-22T15:00Z
28,Sat Jan 22 2022,15:00,GMT/+0000,Blackpool FC,1-0,0-0,Millwall FC,2022-01-22T15:00Z
28,Sat Jan 22 2022,15:00,GMT/+0000,Birmingham City,2-1,1-0,Barnsley FC,2022-01-22T15:00Z
28,Sat Jan 22 2022,15:00,GMT/+0000,AFC Bournemouth,0-1,0-0,Hull City,2022-01-22T15:00Z
28,Sat Jan 22 2022,15:00,GMT/+0000,West Bromwich Albion,3-0,0-0,Peterborough United,2022-01-22T15:00Z
28,Sat Jan 22 2022,15:00,GMT/+0000,Swansea City,1-0,0-0,Preston North End,2022-01-22T15:00Z
28,Sat Jan 22 2022,12:30,GMT/+0000,Nottingham Forest,2-1,0-0,Derby County,2022-01-22T12:30Z
28,Sat Jan 22 2022,12:30,GMT/+0000,Bristol City,3-2,1-1,Cardiff City,2022-01-22T12:30Z
28,Sat Jan 22 2022,15:00,GMT/+0000,Stoke City,2-3,1-2,Fulham FC,2022-01-22T15:00Z
28,Mon Jan 24 2022,19:45,GMT/+0000,Blackburn Rovers,1-0,0-0,Middlesbrough FC,2022-01-24T19:45Z
23,Tue Jan 25 2022,19:45,GMT/+0000,Queens Park Rangers,0-0,0-0,Swansea City,2022-01-25T19:45Z
26,Tue Jan 25 2022,19:45,GMT/+0000,Nottingham Forest,3-0,2-0,Barnsley FC,2022-01-25T19:45Z
24,Tue Jan 25 2022,19:45,GMT/+0000,Luton Town,2-1,1-0,Bristol City,2022-01-25T19:45Z
23,Tue Jan 25 2022,19:45,GMT/+0000,Coventry City,1-0,0-0,Stoke City,2022-01-25T19:45Z
25,Tue Jan 25 2022,19:45,GMT/+0000,Birmingham City,2-2,0-1,Peterborough United,2022-01-25T19:45Z
25,Wed Jan 26 2022,20:00,GMT/+0000,West Bromwich Albion,0-2,0-1,Preston North End,2022-01-26T20:00Z
29,Fri Jan 28 2022,19:45,GMT/+0000,Huddersfield Town,1-1,1-0,Stoke City,2022-01-28T19:45Z
29,Sat Jan 29 2022,15:00,GMT/+0000,Hull City,2-0,2-0,Swansea City,2022-01-29T15:00Z
29,Sat Jan 29 2022,15:00,GMT/+0000,Luton Town,0-0,0-0,Blackburn Rovers,2022-01-29T15:00Z
29,Sat Jan 29 2022,15:00,GMT/+0000,Middlesbrough FC,1-0,0-0,Coventry City,2022-01-29T15:00Z
29,Sat Jan 29 2022,15:00,GMT/+0000,Preston North End,2-2,0-1,Bristol City,2022-01-29T15:00Z
29,Sat Jan 29 2022,15:00,GMT/+0000,Queens Park Rangers,4-0,3-0,Reading FC,2022-01-29T15:00Z
29,Sat Jan 29 2022,17:30,GMT/+0000,Peterborough United,0-2,0-0,Sheffield United,2022-01-29T17:30Z
29,Sat Jan 29 2022,15:00,GMT/+0000,Barnsley FC,0-1,0-1,AFC Bournemouth,2022-01-29T15:00Z
29,Sat Jan 29 2022,15:00,GMT/+0000,Fulham FC,1-1,1-0,Blackpool FC,2022-01-29T15:00Z
29,Sat Jan 29 2022,15:00,GMT/+0000,Millwall FC,2-0,0-0,West Bromwich Albion,2022-01-29T15:00Z
29,Sun Jan 30 2022,16:00,GMT/+0000,Cardiff City,2-1,1-0,Nottingham Forest,2022-01-30T16:00Z
29,Sun Jan 30 2022,13:30,GMT/+0000,Derby County,2-2,0-1,Birmingham City,2022-01-30T13:30Z
25,Tue Feb 1 2022,19:45,GMT/+0000,Swansea City,0-1,0-0,Luton Town,2022-02-01T19:45Z
23,Tue Feb 1 2022,19:45,GMT/+0000,Millwall FC,0-0,0-0,Preston North End,2022-02-01T19:45Z
30,Wed Feb 2 2022,19:45,GMT/+0000,Barnsley FC,0-1,0-0,Cardiff City,2022-02-02T19:45Z
30,Wed Feb 2 2022,19:45,GMT/+0000,Huddersfield Town,2-0,0-0,Derby County,2022-02-02T19:45Z
30,Fri Feb 4 2022,19:45,GMT/+0000,Birmingham City,1-2,0-0,Sheffield United,2022-02-04T19:45Z
30,Sat Feb 5 2022,17:30,GMT/+0000,Swansea City,1-0,1-0,Blackburn Rovers,2022-02-05T17:30Z
30,Sat Feb 5 2022,15:00,GMT/+0000,Hull City,0-1,0-0,Preston North End,2022-02-05T15:00Z
30,Sat Feb 5 2022,15:00,GMT/+0000,Blackpool FC,3-1,2-0,Bristol City,2022-02-05T15:00Z
31,Tue Feb 8 2022,19:45,GMT/+0000,Derby County,3-1,2-0,Hull City,2022-02-08T19:45Z
31,Tue Feb 8 2022,19:45,GMT/+0000,Coventry City,1-1,1-1,Blackpool FC,2022-02-08T19:45Z
31,Tue Feb 8 2022,19:45,GMT/+0000,Luton Town,2-1,1-1,Barnsley FC,2022-02-08T19:45Z
31,Tue Feb 8 2022,19:45,GMT/+0000,Stoke City,3-0,0-0,Swansea City,2022-02-08T19:45Z
31,Tue Feb 8 2022,19:45,GMT/+0000,Fulham FC,3-0,1-0,Millwall FC,2022-02-08T19:45Z
31,Wed Feb 9 2022,19:45,GMT/+0000,AFC Bournemouth,3-1,2-0,Birmingham City,2022-02-09T19:45Z
31,Wed Feb 9 2022,19:45,GMT/+0000,Bristol City,2-1,1-0,Reading FC,2022-02-09T19:45Z
31,Wed Feb 9 2022,19:45,GMT/+0000,Preston North End,0-0,0-0,Huddersfield Town,2022-02-09T19:45Z
31,Wed Feb 9 2022,19:45,GMT/+0000,Queens Park Rangers,2-2,1-1,Middlesbrough FC,2022-02-09T19:45Z
31,Wed Feb 9 2022,19:45,GMT/+0000,Sheffield United,2-0,1-0,West Bromwich Albion,2022-02-09T19:45Z
31,Wed Feb 9 2022,19:45,GMT/+0000,Blackburn Rovers,0-2,0-1,Nottingham Forest,2022-02-09T19:45Z
31,Wed Feb 9 2022,19:45,GMT/+0000,Cardiff City,4-0,2-0,Peterborough United,2022-02-09T19:45Z
32,Sat Feb 12 2022,12:30,GMT/+0000,Huddersfield Town,0-0,0-0,Sheffield United,2022-02-12T12:30Z
32,Sat Feb 12 2022,15:00,GMT/+0000,Blackpool FC,1-2,1-0,AFC Bournemouth,2022-02-12T15:00Z
32,Sat Feb 12 2022,15:00,GMT/+0000,Barnsley FC,1-0,0-0,Queens Park Rangers,2022-02-12T15:00Z
32,Sat Feb 12 2022,15:00,GMT/+0000,Peterborough United,0-1,0-0,Preston North End,2022-02-12T15:00Z
32,Sat Feb 12 2022,15:00,GMT/+0000,Nottingham Forest,2-2,0-0,Stoke City,2022-02-12T15:00Z
32,Sat Feb 12 2022,15:00,GMT/+0000,Hull City,0-1,0-0,Fulham FC,2022-02-12T15:00Z
32,Sat Feb 12 2022,15:00,GMT/+0000,Reading FC,2-3,1-1,Coventry City,2022-02-12T15:00Z
32,Sat Feb 12 2022,15:00,GMT/+0000,Millwall FC,2-1,0-0,Cardiff City,2022-02-12T15:00Z
32,Sat Feb 12 2022,15:00,GMT/+0000,Middlesbrough FC,4-1,3-1,Derby County,2022-02-12T15:00Z
32,Sat Feb 12 2022,15:00,GMT/+0000,Birmingham City,3-0,1-0,Luton Town,2022-02-12T15:00Z
32,Sun Feb 13 2022,13:00,GMT/+0000,Swansea City,3-1,0-1,Bristol City,2022-02-13T13:00Z
32,Mon Feb 14 2022,20:00,GMT/+0000,West Bromwich Albion,0-0,0-0,Blackburn Rovers,2022-02-14T20:00Z
25,Tue Feb 15 2022,19:45,GMT/+0000,Sheffield United,0-0,0-0,Hull City,2022-02-15T19:45Z
24,Tue Feb 15 2022,19:45,GMT/+0000,Cardiff City,2-0,0-0,Coventry City,2022-02-15T19:45Z
30,Tue Feb 15 2022,19:45,GMT/+0000,Millwall FC,2-0,0-0,Queens Park Rangers,2022-02-15T19:45Z
24,Wed Feb 16 2022,19:45,GMT/+0000,Peterborough United,0-0,0-0,Reading FC,2022-02-16T19:45Z
33,Sat Feb 19 2022,15:00,GMT/+0000,Queens Park Rangers,1-1,0-1,Hull City,2022-02-19T15:00Z
33,Sat Feb 19 2022,15:00,GMT/+0000,Bristol City,2-1,1-0,Middlesbrough FC,2022-02-19T15:00Z
33,Sat Feb 19 2022,15:00,GMT/+0000,Luton Town,2-0,0-0,West Bromwich Albion,2022-02-19T15:00Z
33,Sat Feb 19 2022,15:00,GMT/+0000,Cardiff City,1-1,0-1,Blackpool FC,2022-02-19T15:00Z
33,Sat Feb 19 2022,15:00,GMT/+0000,Derby County,1-0,0-0,Peterborough United,2022-02-19T15:00Z
33,Sat Feb 19 2022,15:00,GMT/+0000,Sheffield United,4-0,3-0,Swansea City,2022-02-19T15:00Z
33,Sat Feb 19 2022,15:00,GMT/+0000,Preston North End,2-3,0-2,Reading FC,2022-02-19T15:00Z
33,Sat Feb 19 2022,15:00,GMT/+0000,Coventry City,1-0,0-0,Barnsley FC,2022-02-19T15:00Z
33,Sat Feb 19 2022,15:00,GMT/+0000,Stoke City,2-2,1-1,Birmingham City,2022-02-19T15:00Z
33,Sat Feb 19 2022,12:30,GMT/+0000,Fulham FC,1-2,0-2,Huddersfield Town,2022-02-19T12:30Z
34,Tue Feb 22 2022,19:45,GMT/+0000,Middlesbrough FC,2-1,0-1,West Bromwich Albion,2022-02-22T19:45Z
34,Tue Feb 22 2022,20:00,GMT/+0000,Reading FC,2-1,0-0,Birmingham City,2022-02-22T20:00Z
34,Tue Feb 22 2022,19:45,GMT/+0000,Preston North End,0-0,0-0,Nottingham Forest,2022-02-22T19:45Z
34,Tue Feb 22 2022,19:45,GMT/+0000,Hull City,0-2,0-2,Barnsley FC,2022-02-22T19:45Z
34,Tue Feb 22 2022,19:45,GMT/+0000,Bristol City,1-2,0-1,Coventry City,2022-02-22T19:45Z
34,Wed Feb 23 2022,19:45,GMT/+0000,Queens Park Rangers,2-1,1-0,Blackpool FC,2022-02-23T19:45Z
34,Wed Feb 23 2022,19:45,GMT/+0000,Huddersfield Town,2-1,0-0,Cardiff City,2022-02-23T19:45Z
34,Wed Feb 23 2022,19:45,GMT/+0000,Fulham FC,2-1,1-0,Peterborough United,2022-02-23T19:45Z
34,Wed Feb 23 2022,19:45,GMT/+0000,Derby County,1-2,0-2,Millwall FC,2022-02-23T19:45Z
34,Wed Feb 23 2022,19:45,GMT/+0000,Sheffield United,1-0,0-0,Blackburn Rovers,2022-02-23T19:45Z
34,Wed Feb 23 2022,19:45,GMT/+0000,Stoke City,1-2,0-0,Luton Town,2022-02-23T19:45Z
35,Sat Feb 26 2022,12:30,GMT/+0000,Blackburn Rovers,1-0,0-0,Queens Park Rangers,2022-02-26T12:30Z
35,Sat Feb 26 2022,15:00,GMT/+0000,AFC Bournemouth,2-1,0-1,Stoke City,2022-02-26T15:00Z
35,Sat Feb 26 2022,15:00,GMT/+0000,Peterborough United,0-3,0-1,Hull City,2022-02-26T15:00Z
35,Sat Feb 26 2022,15:00,GMT/+0000,Nottingham Forest,2-0,1-0,Bristol City,2022-02-26T15:00Z
35,Sat Feb 26 2022,15:00,GMT/+0000,Luton Town,1-0,0-0,Derby County,2022-02-26T15:00Z
35,Sat Feb 26 2022,15:00,GMT/+0000,Millwall FC,1-0,0-0,Sheffield United,2022-02-26T15:00Z
35,Sat Feb 26 2022,15:00,GMT/+0000,Barnsley FC,3-2,2-0,Middlesbrough FC,2022-02-26T15:00Z
35,Sat Feb 26 2022,15:00,GMT/+0000,Coventry City,1-1,0-0,Preston North End,2022-02-26T15:00Z
35,Sat Feb 26 2022,15:00,GMT/+0000,Cardiff City,0-1,0-1,Fulham FC,2022-02-26T15:00Z
35,Sat Feb 26 2022,15:00,GMT/+0000,Blackpool FC,4-1,1-1,Reading FC,2022-02-26T15:00Z
35,Sat Feb 26 2022,15:00,GMT/+0000,Birmingham City,0-2,0-2,Huddersfield Town,2022-02-26T15:00Z
35,Mon Feb 28 2022,20:00,GMT/+0000,West Bromwich Albion,0-2,0-0,Swansea City,2022-02-28T20:00Z
23,Tue Mar 1 2022,19:45,GMT/+0000,Cardiff City,1-0,0-0,Derby County,2022-03-01T19:45Z
36,Fri Mar 4 2022,19:45,GMT/+0000,Sheffield United,1-1,0-0,Nottingham Forest,2022-03-04T19:45Z
36,Fri Mar 4 2022,19:45,GMT/+0000,Huddersfield Town,3-0,2-0,Peterborough United,2022-03-04T19:45Z
36,Sat Mar 5 2022,15:00,GMT/+0000,Hull City,0-2,0-1,West Bromwich Albion,2022-03-05T15:00Z
36,Sat Mar 5 2022,15:00,GMT/+0000,Preston North End,2-1,0-0,AFC Bournemouth,2022-03-05T15:00Z
36,Sat Mar 5 2022,15:00,GMT/+0000,Middlesbrough FC,2-1,1-0,Luton Town,2022-03-05T15:00Z
36,Sat Mar 5 2022,15:00,GMT/+0000,Derby County,2-0,1-0,Barnsley FC,2022-03-05T15:00Z
36,Sat Mar 5 2022,15:00,GMT/+0000,Stoke City,0-1,0-0,Blackpool FC,2022-03-05T15:00Z
36,Sat Mar 5 2022,15:00,GMT/+0000,Swansea City,3-1,2-0,Coventry City,2022-03-05T15:00Z
36,Sat Mar 5 2022,12:30,GMT/+0000,Fulham FC,2-0,2-0,Blackburn Rovers,2022-03-05T12:30Z
36,Sat Mar 5 2022,15:00,GMT/+0000,Reading FC,0-1,0-1,Millwall FC,2022-03-05T15:00Z
36,Sat Mar 5 2022,15:00,GMT/+0000,Queens Park Rangers,1-2,1-0,Cardiff City,2022-03-05T15:00Z
36,Sat Mar 5 2022,15:00,GMT/+0000,Bristol City,1-2,0-2,Birmingham City,2022-03-05T15:00Z
26,Tue Mar 8 2022,19:45,GMT/+0000,Sheffield United,4-1,2-0,Middlesbrough FC,2022-03-08T19:45Z
26,Tue Mar 8 2022,19:45,GMT/+0000,AFC Bournemouth,1-1,0-1,Peterborough United,2022-03-08T19:45Z
26,Tue Mar 8 2022,19:45,GMT/+0000,Coventry City,0-1,0-1,Luton Town,2022-03-08T19:45Z
26,Tue Mar 8 2022,19:45,GMT/+0000,Swansea City,1-5,0-0,Fulham FC,2022-03-08T19:45Z
33,Tue Mar 8 2022,19:45,GMT/+0000,Blackburn Rovers,0-0,0-0,Millwall FC,2022-03-08T19:45Z
24,Tue Mar 8 2022,19:45,GMT/+0000,Barnsley FC,1-1,0-0,Stoke City,2022-03-08T19:45Z
37,Fri Mar 11 2022,20:00,GMT/+0000,West Bromwich Albion,2-2,0-1,Huddersfield Town,2022-03-11T20:00Z
37,Sat Mar 12 2022,15:00,GMT/+0000,Birmingham City,0-0,0-0,Hull City,2022-03-12T15:00Z
37,Sat Mar 12 2022,15:00,GMT/+0000,Blackburn Rovers,0-1,0-0,Bristol City,2022-03-12T15:00Z
37,Sat Mar 12 2022,15:00,GMT/+0000,Blackpool FC,1-0,1-0,Swansea City,2022-03-12T15:00Z
37,Sat Mar 12 2022,15:00,GMT/+0000,Cardiff City,0-0,0-0,Preston North End,2022-03-12T15:00Z
37,Sat Mar 12 2022,15:00,GMT/+0000,Coventry City,4-1,1-1,Sheffield United,2022-03-12T15:00Z
37,Sat Mar 12 2022,15:00,GMT/+0000,Millwall FC,0-0,0-0,Middlesbrough FC,2022-03-12T15:00Z
37,Sat Mar 12 2022,15:00,GMT/+0000,AFC Bournemouth,2-0,1-0,Derby County,2022-03-12T15:00Z
37,Sat Mar 12 2022,15:00,GMT/+0000,Nottingham Forest,4-0,1-0,Reading FC,2022-03-12T15:00Z
37,Sat Mar 12 2022,15:00,GMT/+0000,Peterborough United,2-2,1-1,Stoke City,2022-03-12T15:00Z
37,Sat Mar 12 2022,12:30,GMT/+0000,Barnsley FC,1-1,1-0,Fulham FC,2022-03-12T12:30Z
37,Sun Mar 13 2022,12:00,GMT/+0000,Luton Town,1-2,1-0,Queens Park Rangers,2022-03-13T12:00Z
38,Tue Mar 15 2022,19:45,GMT/+0000,AFC Bournemouth,1-1,1-0,Reading FC,2022-03-15T19:45Z
38,Tue Mar 15 2022,19:45,GMT/+0000,Blackburn Rovers,3-1,0-1,Derby County,2022-03-15T19:45Z
38,Tue Mar 15 2022,19:45,GMT/+0000,Barnsley FC,2-0,2-0,Bristol City,2022-03-15T19:45Z
38,Tue Mar 15 2022,20:00,GMT/+0000,West Bromwich Albion,1-0,0-0,Fulham FC,2022-03-15T20:00Z
38,Tue Mar 15 2022,19:45,GMT/+0000,Birmingham City,0-2,0-1,Middlesbrough FC,2022-03-15T19:45Z
38,Wed Mar 16 2022,19:45,GMT/+0000,Cardiff City,2-1,2-1,Stoke City,2022-03-16T19:45Z
38,Wed Mar 16 2022,19:45,GMT/+0000,Coventry City,0-2,0-2,Hull City,2022-03-16T19:45Z
38,Wed Mar 16 2022,19:45,GMT/+0000,Millwall FC,2-0,1-0,Huddersfield Town,2022-03-16T19:45Z
38,Wed Mar 16 2022,19:45,GMT/+0000,Luton Town,4-0,3-0,Preston North End,2022-03-16T19:45Z
38,Wed Mar 16 2022,19:45,GMT/+0000,Peterborough United,2-3,0-1,Swansea City,2022-03-16T19:45Z
38,Wed Mar 16 2022,19:45,GMT/+0000,Nottingham Forest,3-1,0-1,Queens Park Rangers,2022-03-16T19:45Z
38,Wed Mar 16 2022,19:45,GMT/+0000,Blackpool FC,0-0,0-0,Sheffield United,2022-03-16T19:45Z
39,Sat Mar 19 2022,15:00,GMT/+0000,Reading FC,1-0,0-0,Blackburn Rovers,2022-03-19T15:00Z
39,Sat Mar 19 2022,15:00,GMT/+0000,Swansea City,0-0,0-0,Birmingham City,2022-03-19T15:00Z
39,Sat Mar 19 2022,15:00,GMT/+0000,Stoke City,2-0,1-0,Millwall FC,2022-03-19T15:00Z
39,Sat Mar 19 2022,15:00,GMT/+0000,Hull City,1-3,0-1,Luton Town,2022-03-19T15:00Z
39,Sat Mar 19 2022,15:00,GMT/+0000,Huddersfield Town,0-3,0-2,AFC Bournemouth,2022-03-19T15:00Z
39,Sat Mar 19 2022,12:30,GMT/+0000,Derby County,1-1,0-1,Coventry City,2022-03-19T12:30Z
39,Sat Mar 19 2022,15:00,GMT/+0000,Bristol City,2-2,1-0,West Bromwich Albion,2022-03-19T15:00Z
39,Sat Mar 19 2022,12:30,GMT/+0000,Sheffield United,2-0,0-0,Barnsley FC,2022-03-19T12:30Z
39,Sun Mar 20 2022,12:30,GMT/+0000,Queens Park Rangers,1-3,1-1,Peterborough United,2022-03-20T12:30Z
40,Fri Apr 1 2022,19:45,BST/+0100,Hull City,0-1,0-0,Huddersfield Town,2022-04-01T18:45Z
40,Sat Apr 2 2022,12:30,BST/+0100,Blackpool FC,1-4,0-3,Nottingham Forest,2022-04-02T11:30Z
40,Sat Apr 2 2022,15:00,BST/+0100,AFC Bournemouth,3-2,1-1,Bristol City,2022-04-02T14:00Z
40,Sat Apr 2 2022,15:00,BST/+0100,Cardiff City,0-4,0-1,Swansea City,2022-04-02T14:00Z
40,Sat Apr 2 2022,15:00,BST/+0100,Coventry City,2-2,1-0,Blackburn Rovers,2022-04-02T14:00Z
40,Sat Apr 2 2022,15:00,BST/+0100,Derby County,1-0,0-0,Preston North End,2022-04-02T14:00Z
40,Sat Apr 2 2022,15:00,BST/+0100,Barnsley FC,1-1,1-0,Reading FC,2022-04-02T14:00Z
40,Sat Apr 2 2022,15:00,BST/+0100,Luton Town,2-2,1-1,Millwall FC,2022-04-02T14:00Z
40,Sat Apr 2 2022,15:00,BST/+0100,Peterborough United,0-4,0-1,Middlesbrough FC,2022-04-02T14:00Z
40,Sat Apr 2 2022,15:00,BST/+0100,Stoke City,1-0,0-0,Sheffield United,2022-04-02T14:00Z
40,Sat Apr 2 2022,15:00,BST/+0100,Queens Park Rangers,0-2,0-1,Fulham FC,2022-04-02T14:00Z
40,Sun Apr 3 2022,15:00,BST/+0100,Birmingham City,1-0,0-0,West Bromwich Albion,2022-04-03T14:00Z
39,Tue Apr 5 2022,19:45,BST/+0100,Preston North End,1-0,1-0,Blackpool FC,2022-04-05T18:45Z
22,Tue Apr 5 2022,19:45,BST/+0100,Sheffield United,1-0,1-0,Queens Park Rangers,2022-04-05T18:45Z
24,Tue Apr 5 2022,19:45,BST/+0100,Millwall FC,0-1,0-0,Swansea City,2022-04-05T18:45Z
30,Tue Apr 5 2022,19:45,BST/+0100,Peterborough United,1-1,0-0,Luton Town,2022-04-05T18:45Z
30,Tue Apr 5 2022,20:00,BST/+0100,Reading FC,2-1,1-1,Stoke City,2022-04-05T19:00Z
30,Wed Apr 6 2022,19:45,BST/+0100,Nottingham Forest,2-0,1-0,Coventry City,2022-04-06T18:45Z
30,Wed Apr 6 2022,20:00,BST/+0100,West Bromwich Albion,2-0,2-0,AFC Bournemouth,2022-04-06T19:00Z
30,Wed Apr 6 2022,19:45,BST/+0100,Middlesbrough FC,0-1,0-0,Fulham FC,2022-04-06T18:45Z
41,Sat Apr 9 2022,15:00,BST/+0100,Swansea City,2-1,2-1,Derby County,2022-04-09T14:00Z
41,Sat Apr 9 2022,15:00,BST/+0100,West Bromwich Albion,1-3,0-1,Stoke City,2022-04-09T14:00Z
41,Sat Apr 9 2022,15:00,BST/+0100,Preston North End,2-1,1-0,Queens Park Rangers,2022-04-09T14:00Z
41,Sat Apr 9 2022,15:00,BST/+0100,Reading FC,1-2,1-0,Cardiff City,2022-04-09T14:00Z
41,Sat Apr 9 2022,15:00,BST/+0100,Millwall FC,4-1,1-0,Barnsley FC,2022-04-09T14:00Z
41,Sat Apr 9 2022,12:45,BST/+0100,Sheffield United,0-0,0-0,AFC Bournemouth,2022-04-09T11:45Z
41,Sat Apr 9 2022,15:00,BST/+0100,Blackburn Rovers,1-1,1-0,Blackpool FC,2022-04-09T14:00Z
41,Sat Apr 9 2022,15:00,BST/+0100,Bristol City,1-1,1-0,Peterborough United,2022-04-09T14:00Z
41,Sat Apr 9 2022,15:00,BST/+0100,Middlesbrough FC,0-1,0-0,Hull City,2022-04-09T14:00Z
41,Sat Apr 9 2022,15:00,BST/+0100,Nottingham Forest,2-0,1-0,Birmingham City,2022-04-09T14:00Z
41,Sun Apr 10 2022,15:00,BST/+0100,Fulham FC,1-3,0-2,Coventry City,2022-04-10T14:00Z
41,Mon Apr 11 2022,19:45,BST/+0100,Huddersfield Town,2-0,0-0,Luton Town,2022-04-11T18:45Z
42,Fri Apr 15 2022,15:00,BST/+0100,Swansea City,1-1,0-0,Barnsley FC,2022-04-15T14:00Z
42,Fri Apr 15 2022,15:00,BST/+0100,West Bromwich Albion,2-1,1-0,Blackpool FC,2022-04-15T14:00Z
42,Fri Apr 15 2022,17:30,BST/+0100,Huddersfield Town,2-2,1-1,Queens Park Rangers,2022-04-15T16:30Z
42,Fri Apr 15 2022,20:00,BST/+0100,Derby County,2-1,0-1,Fulham FC,2022-04-15T19:00Z
42,Fri Apr 15 2022,15:00,BST/+0100,Stoke City,0-1,0-0,Bristol City,2022-04-15T14:00Z
42,Fri Apr 15 2022,12:30,BST/+0100,Luton Town,1-0,1-0,Nottingham Forest,2022-04-15T11:30Z
42,Fri Apr 15 2022,15:00,BST/+0100,AFC Bournemouth,0-0,0-0,Middlesbrough FC,2022-04-15T14:00Z
42,Fri Apr 15 2022,15:00,BST/+0100,Birmingham City,2-4,2-2,Coventry City,2022-04-15T14:00Z
42,Fri Apr 15 2022,15:00,BST/+0100,Hull City,2-1,2-0,Cardiff City,2022-04-15T14:00Z
42,Fri Apr 15 2022,15:00,BST/+0100,Peterborough United,2-1,0-0,Blackburn Rovers,2022-04-15T14:00Z
42,Fri Apr 15 2022,15:00,BST/+0100,Preston North End,1-1,1-1,Millwall FC,2022-04-15T14:00Z
42,Fri Apr 15 2022,15:00,BST/+0100,Sheffield United,1-2,0-1,Reading FC,2022-04-15T14:00Z
43,Mon Apr 18 2022,15:00,BST/+0100,Queens Park Rangers,1-0,0-0,Derby County,2022-04-18T14:00Z
43,Mon Apr 18 2022,20:00,BST/+0100,Nottingham Forest,4-0,3-0,West Bromwich Albion,2022-04-18T19:00Z
43,Mon Apr 18 2022,17:30,BST/+0100,Bristol City,1-1,0-0,Sheffield United,2022-04-18T16:30Z
43,Mon Apr 18 2022,15:00,BST/+0100,Reading FC,4-4,1-3,Swansea City,2022-04-18T14:00Z
43,Mon Apr 18 2022,15:00,BST/+0100,Millwall FC,2-1,0-0,Hull City,2022-04-18T14:00Z
43,Mon Apr 18 2022,12:30,BST/+0100,Middlesbrough FC,0-2,0-1,Huddersfield Town,2022-04-18T11:30Z
43,Mon Apr 18 2022,15:00,BST/+0100,Blackburn Rovers,0-1,0-1,Stoke City,2022-04-18T14:00Z
43,Mon Apr 18 2022,15:00,BST/+0100,Blackpool FC,6-1,3-0,Birmingham City,2022-04-18T14:00Z
43,Mon Apr 18 2022,15:00,BST/+0100,Cardiff City,0-1,0-0,Luton Town,2022-04-18T14:00Z
43,Mon Apr 18 2022,15:00,BST/+0100,Coventry City,0-3,0-2,AFC Bournemouth,2022-04-18T14:00Z
43,Mon Apr 18 2022,15:00,BST/+0100,Barnsley FC,0-2,0-1,Peterborough United,2022-04-18T14:00Z
43,Tue Apr 19 2022,19:45,BST/+0100,Fulham FC,3-0,3-0,Preston North End,2022-04-19T18:45Z
44,Fri Apr 22 2022,19:45,BST/+0100,Huddersfield Town,2-1,2-0,Barnsley FC,2022-04-22T18:45Z
44,Sat Apr 23 2022,15:00,BST/+0100,Sheffield United,1-0,0-0,Cardiff City,2022-04-23T14:00Z
44,Sat Apr 23 2022,15:00,BST/+0100,Stoke City,1-0,1-0,Queens Park Rangers,2022-04-23T14:00Z
44,Sat Apr 23 2022,15:00,BST/+0100,West Bromwich Albion,0-0,0-0,Coventry City,2022-04-23T14:00Z
44,Sat Apr 23 2022,15:00,BST/+0100,Peterborough United,0-1,0-1,Nottingham Forest,2022-04-23T14:00Z
44,Sat Apr 23 2022,15:00,BST/+0100,Hull City,3-0,1-0,Reading FC,2022-04-23T14:00Z
44,Sat Apr 23 2022,12:30,BST/+0100,Luton Town,1-1,1-0,Blackpool FC,2022-04-23T11:30Z
44,Sat Apr 23 2022,15:00,BST/+0100,AFC Bournemouth,1-1,0-0,Fulham FC,2022-04-23T14:00Z
44,Sat Apr 23 2022,15:00,BST/+0100,Birmingham City,2-2,0-0,Millwall FC,2022-04-23T14:00Z
44,Sat Apr 23 2022,15:00,BST/+0100,Derby County,1-3,0-2,Bristol City,2022-04-23T14:00Z
44,Sat Apr 23 2022,15:00,BST/+0100,Swansea City,1-1,0-0,Middlesbrough FC,2022-04-23T14:00Z
44,Mon Apr 25 2022,19:30,BST/+0100,Preston North End,1-4,1-3,Blackburn Rovers,2022-04-25T18:30Z
34,Tue Apr 26 2022,19:45,BST/+0100,Swansea City,3-3,2-0,AFC Bournemouth,2022-04-26T18:45Z
27,Tue Apr 26 2022,19:45,BST/+0100,Barnsley FC,0-2,0-1,Blackpool FC,2022-04-26T18:45Z
39,Tue Apr 26 2022,19:45,BST/+0100,Fulham FC,0-1,0-1,Nottingham Forest,2022-04-26T18:45Z
39,Wed Apr 27 2022,19:45,BST/+0100,Middlesbrough FC,2-0,1-0,Cardiff City,2022-04-27T18:45Z
45,Fri Apr 29 2022,19:45,BST/+0100,Queens Park Rangers,1-3,1-0,Sheffield United,2022-04-29T18:45Z
45,Sat Apr 30 2022,15:00,BST/+0100,Cardiff City,1-1,0-1,Birmingham City,2022-04-30T14:00Z
45,Sat Apr 30 2022,12:30,BST/+0100,Barnsley FC,1-3,1-1,Preston North End,2022-04-30T11:30Z
45,Sat Apr 30 2022,15:00,BST/+0100,Blackburn Rovers,0-3,0-1,AFC Bournemouth,2022-04-30T14:00Z
45,Sat Apr 30 2022,15:00,BST/+0100,Blackpool FC,0-2,0-0,Derby County,2022-04-30T14:00Z
45,Sat Apr 30 2022,15:00,BST/+0100,Bristol City,5-0,3-0,Hull City,2022-04-30T14:00Z
45,Sat Apr 30 2022,15:00,BST/+0100,Reading FC,0-1,0-0,West Bromwich Albion,2022-04-30T14:00Z
45,Sat Apr 30 2022,15:00,BST/+0100,Coventry City,1-2,0-1,Huddersfield Town,2022-04-30T14:00Z
45,Sat Apr 30 2022,15:00,BST/+0100,Middlesbrough FC,3-1,2-0,Stoke City,2022-04-30T14:00Z
45,Sat Apr 30 2022,15:00,BST/+0100,Millwall FC,3-0,0-0,Peterborough United,2022-04-30T14:00Z
45,Sat Apr 30 2022,15:00,BST/+0100,Nottingham Forest,5-1,1-1,Swansea City,2022-04-30T14:00Z
45,Mon May 2 2022,17:15,BST/+0100,Fulham FC,7-0,2-0,Luton Town,2022-05-02T16:15Z
33,Tue May 3 2022,19:00,BST/+0100,AFC Bournemouth,1-0,0-0,Nottingham Forest,2022-05-03T18:00Z
46,Sat May 7 2022,12:30,BST/+0100,AFC Bournemouth,1-0,0-0,Millwall FC,2022-05-07T11:30Z
46,Sat May 7 2022,12:30,BST/+0100,Birmingham City,1-2,0-2,Blackburn Rovers,2022-05-07T11:30Z
46,Sat May 7 2022,12:30,BST/+0100,Derby County,0-1,0-0,Cardiff City,2022-05-07T11:30Z
46,Sat May 7 2022,12:30,BST/+0100,Huddersfield Town,2-0,2-0,Bristol City,2022-05-07T11:30Z
46,Sat May 7 2022,12:30,BST/+0100,Hull City,1-1,0-0,Nottingham Forest,2022-05-07T11:30Z
46,Sat May 7 2022,12:30,BST/+0100,Luton Town,1-0,1-0,Reading FC,2022-05-07T11:30Z
46,Sat May 7 2022,12:30,BST/+0100,Peterborough United,5-0,1-0,Blackpool FC,2022-05-07T11:30Z
46,Sat May 7 2022,12:30,BST/+0100,Preston North End,4-1,2-0,Middlesbrough FC,2022-05-07T11:30Z
46,Sat May 7 2022,12:30,BST/+0100,Sheffield United,4-0,3-0,Fulham FC,2022-05-07T11:30Z
46,Sat May 7 2022,12:30,BST/+0100,Stoke City,1-1,1-1,Coventry City,2022-05-07T11:30Z
46,Sat May 7 2022,12:30,BST/+0100,Swansea City,0-1,0-0,Queens Park Rangers,2022-05-07T11:30Z
46,Sat May 7 2022,12:30,BST/+0100,West Bromwich Albion,4-0,2-0,Barnsley FC,2022-05-07T11:30Z
