Round,Date,Time,Timezone,Team 1,FT,HT,Team 2,UTC
1,Fri Aug 13 2021,20:00,BST/+0100,Brentford FC,2-0,1-0,Arsenal FC,2021-08-13T19:00Z
1,Sat Aug 14 2021,12:30,BST/+0100,Manchester United,5-1,1-0,Leeds United,2021-08-14T11:30Z
1,Sat Aug 14 2021,15:00,BST/+0100,Burnley FC,1-2,1-0,Brighton & Hove Albion,2021-08-14T14:00Z
1,Sat Aug 14 2021,15:00,BST/+0100,Chelsea FC,3-0,2-0,Crystal Palace,2021-08-14T14:00Z
1,Sat Aug 14 2021,15:00,BST/+0100,Everton FC,3-1,0-1,Southampton FC,2021-08-14T14:00Z
1,Sat Aug 14 2021,15:00,BST/+0100,Leicester City,1-0,1-0,Wolverhampton Wanderers,2021-08-14T14:00Z
1,Sat Aug 14 2021,15:00,BST/+0100,Watford FC,3-2,2-0,Aston Villa,2021-08-14T14:00Z
1,Sat Aug 14 2021,17:30,BST/+0100,Norwich City,0-3,0-1,Liverpool FC,2021-08-14T16:30Z
1,Sun Aug 15 2021,16:30,BST/+0100,Tottenham Hotspur,1-0,0-0,Manchester City,2021-08-15T15:30Z
1,Sun Aug 15 2021,14:00,BST/+0100,Newcastle United,2-4,2-1,West Ham United,2021-08-15T13:00Z
2,Sat Aug 21 2021,12:30,BST/+0100,Liverpool FC,2-0,1-0,Burnley FC,2021-08-21T11:30Z
2,Sat Aug 21 2021,15:00,BST/+0100,Aston Villa,2-0,1-0,Newcastle United,2021-08-21T14:00Z
2,Sat Aug 21 2021,15:00,BST/+0100,Crystal Palace,0-0,0-0,Brentford FC,2021-08-21T14:00Z
2,Sat Aug 21 2021,15:00,BST/+0100,Leeds United,2-2,1-1,Everton FC,2021-08-21T14:00Z
2,Sat Aug 21 2021,15:00,BST/+0100,Manchester City,5-0,2-0,Norwich City,2021-08-21T14:00Z
2,Sat Aug 21 2021,17:30,BST/+0100,Brighton & Hove Albion,2-0,2-0,Watford FC,2021-08-21T16:30Z
2,Sun Aug 22 2021,14:00,BST/+0100,Wolverhampton Wanderers,0-1,0-1,Tottenham Hotspur,2021-08-22T13:00Z
2,Sun Aug 22 2021,16:30,BST/+0100,Arsenal FC,0-2,0-2,Chelsea FC,2021-08-22T15:30Z
2,Sun Aug 22 2021,14:00,BST/+0100,Southampton FC,1-1,1-0,Manchester United,2021-08-22T13:00Z
2,Mon Aug 23 2021,20:00,BST/+0100,West Ham United,4-1,1-0,Leicester City,2021-08-23T19:00Z
3,Sat Aug 28 2021,12:30,BST/+0100,Manchester City,5-0,3-0,Arsenal FC,2021-08-28T11:30Z
3,Sat Aug 28 2021,15:00,BST/+0100,Aston Villa,1-1,1-1,Brentford FC,2021-08-28T14:00Z
3,Sat Aug 28 2021,15:00,BST/+0100,Brighton & Hove Albion,0-2,0-1,Everton FC,2021-08-28T14:00Z
3,Sat Aug 28 2021,15:00,BST/+0100,Newcastle United,2-2,0-0,Southampton FC,2021-08-28T14:00Z
3,Sat Aug 28 2021,15:00,BST/+0100,Norwich City,1-2,1-1,Leicester City,2021-08-28T14:00Z
3,Sat Aug 28 2021,15:00,BST/+0100,West Ham United,2-2,1-0,Crystal Palace,2021-08-28T14:00Z
3,Sat Aug 28 2021,17:30,BST/+0100,Liverpool FC,1-1,1-1,Chelsea FC,2021-08-28T16:30Z
3,Sun Aug 29 2021,14:00,BST/+0100,Tottenham Hotspur,1-0,1-0,Watford FC,2021-08-29T13:00Z
3,Sun Aug 29 2021,16:30,BST/+0100,Wolverhampton Wanderers,0-1,0-0,Manchester United,2021-08-29T15:30Z
3,Sun Aug 29 2021,14:00,BST/+0100,Burnley FC,1-1,0-0,Leeds United,2021-08-29T13:00Z
4,Sat Sep 11 2021,12:30,BST/+0100,Crystal Palace,3-0,0-0,Tottenham Hotspur,2021-09-11T11:30Z
4,Sat Sep 11 2021,15:00,BST/+0100,Arsenal FC,1-0,0-0,Norwich City,2021-09-11T14:00Z
4,Sat Sep 11 2021,15:00,BST/+0100,Brentford FC,0-1,0-0,Brighton & Hove Albion,2021-09-11T14:00Z
4,Sat Sep 11 2021,15:00,BST/+0100,Leicester City,0-1,0-0,Manchester City,2021-09-11T14:00Z
4,Sat Sep 11 2021,15:00,BST/+0100,Manchester United,4-1,1-0,Newcastle United,2021-09-11T14:00Z
4,Sat Sep 11 2021,15:00,BST/+0100,Southampton FC,0-0,0-0,West Ham United,2021-09-11T14:00Z
4,Sat Sep 11 2021,15:00,BST/+0100,Watford FC,0-2,0-0,Wolverhampton Wanderers,2021-09-11T14:00Z
4,Sat Sep 11 2021,17:30,BST/+0100,Chelsea FC,3-0,1-0,Aston Villa,2021-09-11T16:30Z
4,Sun Sep 12 2021,16:30,BST/+0100,Leeds United,0-3,0-1,Liverpool FC,2021-09-12T15:30Z
4,Mon Sep 13 2021,20:00,BST/+0100,Everton FC,3-1,0-0,Burnley FC,2021-09-13T19:00Z
5,Fri Sep 17 2021,20:00,BST/+0100,Newcastle United,1-1,1-1,Leeds United,2021-09-17T19:00Z
5,Sat Sep 18 2021,12:30,BST/+0100,Wolverhampton Wanderers,0-2,0-2,Brentford FC,2021-09-18T11:30Z
5,Sat Sep 18 2021,15:00,BST/+0100,Burnley FC,0-1,0-1,Arsenal FC,2021-09-18T14:00Z
5,Sat Sep 18 2021,15:00,BST/+0100,Liverpool FC,3-0,1-0,Crystal Palace,2021-09-18T14:00Z
5,Sat Sep 18 2021,15:00,BST/+0100,Manchester City,0-0,0-0,Southampton FC,2021-09-18T14:00Z
5,Sat Sep 18 2021,15:00,BST/+0100,Norwich City,1-3,1-1,Watford FC,2021-09-18T14:00Z
5,Sat Sep 18 2021,17:30,BST/+0100,Aston Villa,3-0,0-0,Everton FC,2021-09-18T16:30Z
5,Sun Sep 19 2021,14:00,BST/+0100,West Ham United,1-2,1-1,Manchester United,2021-09-19T13:00Z
5,Sun Sep 19 2021,16:30,BST/+0100,Tottenham Hotspur,0-3,0-0,Chelsea FC,2021-09-19T15:30Z
5,Sun Sep 19 2021,14:00,BST/+0100,Brighton & Hove Albion,2-1,1-0,Leicester City,2021-09-19T13:00Z
6,Sat Sep 25 2021,12:30,BST/+0100,Chelsea FC,0-1,0-0,Manchester City,2021-09-25T11:30Z
6,Sat Sep 25 2021,12:30,BST/+0100,Manchester United,0-1,0-0,Aston Villa,2021-09-25T11:30Z
6,Sat Sep 25 2021,15:00,BST/+0100,Everton FC,2-0,1-0,Norwich City,2021-09-25T14:00Z
6,Sat Sep 25 2021,15:00,BST/+0100,Leeds United,1-2,1-0,West Ham United,2021-09-25T14:00Z
6,Sat Sep 25 2021,15:00,BST/+0100,Leicester City,2-2,1-2,Burnley FC,2021-09-25T14:00Z
6,Sat Sep 25 2021,15:00,BST/+0100,Watford FC,1-1,0-1,Newcastle United,2021-09-25T14:00Z
6,Sat Sep 25 2021,17:30,BST/+0100,Brentford FC,3-3,1-1,Liverpool FC,2021-09-25T16:30Z
6,Sun Sep 26 2021,16:30,BST/+0100,Arsenal FC,3-1,3-0,Tottenham Hotspur,2021-09-26T15:30Z
6,Sun Sep 26 2021,14:00,BST/+0100,Southampton FC,0-1,0-0,Wolverhampton Wanderers,2021-09-26T13:00Z
6,Mon Sep 27 2021,20:00,BST/+0100,Crystal Palace,1-1,1-0,Brighton & Hove Albion,2021-09-27T19:00Z
7,Sat Oct 2 2021,12:30,BST/+0100,Manchester United,1-1,1-0,Everton FC,2021-10-02T11:30Z
7,Sat Oct 2 2021,15:00,BST/+0100,Burnley FC,0-0,0-0,Norwich City,2021-10-02T14:00Z
7,Sat Oct 2 2021,15:00,BST/+0100,Chelsea FC,3-1,1-0,Southampton FC,2021-10-02T14:00Z
7,Sat Oct 2 2021,15:00,BST/+0100,Leeds United,1-0,1-0,Watford FC,2021-10-02T14:00Z
7,Sat Oct 2 2021,15:00,BST/+0100,Wolverhampton Wanderers,2-1,1-1,Newcastle United,2021-10-02T14:00Z
7,Sat Oct 2 2021,17:30,BST/+0100,Brighton & Hove Albion,0-0,0-0,Arsenal FC,2021-10-02T16:30Z
7,Sun Oct 3 2021,14:00,BST/+0100,Crystal Palace,2-2,0-2,Leicester City,2021-10-03T13:00Z
7,Sun Oct 3 2021,14:00,BST/+0100,Tottenham Hotspur,2-1,1-0,Aston Villa,2021-10-03T13:00Z
7,Sun Oct 3 2021,14:00,BST/+0100,West Ham United,1-2,0-1,Brentford FC,2021-10-03T13:00Z
7,Sun Oct 3 2021,16:30,BST/+0100,Liverpool FC,2-2,0-0,Manchester City,2021-10-03T15:30Z
8,Sat Oct 16 2021,12:30,BST/+0100,Watford FC,0-5,0-2,Liverpool FC,2021-10-16T11:30Z
8,Sat Oct 16 2021,15:00,BST/+0100,Aston Villa,2-3,0-0,Wolverhampton Wanderers,2021-10-16T14:00Z
8,Sat Oct 16 2021,15:00,BST/+0100,Leicester City,4-2,1-1,Manchester United,2021-10-16T14:00Z
8,Sat Oct 16 2021,15:00,BST/+0100,Manchester City,2-0,1-0,Burnley FC,2021-10-16T14:00Z
8,Sat Oct 16 2021,15:00,BST/+0100,Norwich City,0-0,0-0,Brighton & Hove Albion,2021-10-16T14:00Z
8,Sat Oct 16 2021,15:00,BST/+0100,Southampton FC,1-0,0-0,Leeds United,2021-10-16T14:00Z
8,Sat Oct 16 2021,17:30,BST/+0100,Brentford FC,0-1,0-1,Chelsea FC,2021-10-16T16:30Z
8,Sun Oct 17 2021,16:30,BST/+0100,Newcastle United,2-3,1-3,Tottenham Hotspur,2021-10-17T15:30Z
8,Sun Oct 17 2021,14:00,BST/+0100,Everton FC,0-1,0-0,West Ham United,2021-10-17T13:00Z
8,Mon Oct 18 2021,20:00,BST/+0100,Arsenal FC,2-2,1-0,Crystal Palace,2021-10-18T19:00Z
9,Fri Oct 22 2021,20:00,BST/+0100,Arsenal FC,3-1,2-0,Aston Villa,2021-10-22T19:00Z
9,Sat Oct 23 2021,12:30,BST/+0100,Chelsea FC,7-0,3-0,Norwich City,2021-10-23T11:30Z
9,Sat Oct 23 2021,15:00,BST/+0100,Crystal Palace,1-1,0-0,Newcastle United,2021-10-23T14:00Z
9,Sat Oct 23 2021,15:00,BST/+0100,Everton FC,2-5,1-1,Watford FC,2021-10-23T14:00Z
9,Sat Oct 23 2021,15:00,BST/+0100,Leeds United,1-1,0-1,Wolverhampton Wanderers,2021-10-23T14:00Z
9,Sat Oct 23 2021,15:00,BST/+0100,Southampton FC,2-2,1-1,Burnley FC,2021-10-23T14:00Z
9,Sat Oct 23 2021,17:30,BST/+0100,Brighton & Hove Albion,1-4,0-3,Manchester City,2021-10-23T16:30Z
9,Sun Oct 24 2021,14:00,BST/+0100,West Ham United,1-0,0-0,Tottenham Hotspur,2021-10-24T13:00Z
9,Sun Oct 24 2021,16:30,BST/+0100,Manchester United,0-5,0-4,Liverpool FC,2021-10-24T15:30Z
9,Sun Oct 24 2021,14:00,BST/+0100,Brentford FC,1-2,0-1,Leicester City,2021-10-24T13:00Z
10,Sat Oct 30 2021,12:30,BST/+0100,Leicester City,0-2,0-2,Arsenal FC,2021-10-30T11:30Z
10,Sat Oct 30 2021,15:00,BST/+0100,Burnley FC,3-1,3-0,Brentford FC,2021-10-30T14:00Z
10,Sat Oct 30 2021,15:00,BST/+0100,Liverpool FC,2-2,2-1,Brighton & Hove Albion,2021-10-30T14:00Z
10,Sat Oct 30 2021,15:00,BST/+0100,Manchester City,0-2,0-1,Crystal Palace,2021-10-30T14:00Z
10,Sat Oct 30 2021,15:00,BST/+0100,Newcastle United,0-3,0-0,Chelsea FC,2021-10-30T14:00Z
10,Sat Oct 30 2021,15:00,BST/+0100,Watford FC,0-1,0-1,Southampton FC,2021-10-30T14:00Z
10,Sat Oct 30 2021,17:30,BST/+0100,Tottenham Hotspur,0-3,0-1,Manchester United,2021-10-30T16:30Z
10,Sun Oct 31 2021,16:30,GMT/+0000,Aston Villa,1-4,1-2,West Ham United,2021-10-31T16:30Z
10,Sun Oct 31 2021,14:00,GMT/+0000,Norwich City,1-2,0-0,Leeds United,2021-10-31T14:00Z
10,Mon Nov 1 2021,20:00,GMT/+0000,Wolverhampton Wanderers,2-1,2-0,Everton FC,2021-11-01T20:00Z
11,Fri Nov 5 2021,20:00,GMT/+0000,Southampton FC,1-0,1-0,Aston Villa,2021-11-05T20:00Z
11,Sat Nov 6 2021,12:30,GMT/+0000,Manchester United,0-2,0-2,Manchester City,2021-11-06T12:30Z
11,Sat Nov 6 2021,15:00,GMT/+0000,Crystal Palace,2-0,0-0,Wolverhampton Wanderers,2021-11-06T15:00Z
11,Sat Nov 6 2021,15:00,GMT/+0000,Brentford FC,1-2,0-2,Norwich City,2021-11-06T15:00Z
11,Sat Nov 6 2021,15:00,GMT/+0000,Chelsea FC,1-1,1-0,Burnley FC,2021-11-06T15:00Z
11,Sat Nov 6 2021,17:30,GMT/+0000,Brighton & Hove Albion,1-1,1-0,Newcastle United,2021-11-06T17:30Z
11,Sun Nov 7 2021,14:00,GMT/+0000,Everton FC,0-0,0-0,Tottenham Hotspur,2021-11-07T14:00Z
11,Sun Nov 7 2021,14:00,GMT/+0000,Leeds United,1-1,1-1,Leicester City,2021-11-07T14:00Z
11,Sun Nov 7 2021,16:30,GMT/+0000,West Ham United,3-2,1-1,Liverpool FC,2021-11-07T16:30Z
11,Sun Nov 7 2021,14:00,GMT/+0000,Arsenal FC,1-0,0-0,Watford FC,2021-11-07T14:00Z
12,Sat Nov 20 2021,12:30,GMT/+0000,Leicester City,0-3,0-2,Chelsea FC,2021-11-20T12:30Z
12,Sat Nov 20 2021,15:00,GMT/+0000,Aston Villa,2-0,0-0,Brighton & Hove Albion,2021-11-20T15:00Z
12,Sat Nov 20 2021,15:00,GMT/+0000,Burnley FC,3-3,2-3,Crystal Palace,2021-11-20T15:00Z
12,Sat Nov 20 2021,15:00,GMT/+0000,Newcastle United,3-3,2-2,Brentford FC,2021-11-20T15:00Z
12,Sat Nov 20 2021,15:00,GMT/+0000,Norwich City,2-1,1-1,Southampton FC,2021-11-20T15:00Z
12,Sat Nov 20 2021,15:00,GMT/+0000,Watford FC,4-1,2-0,Manchester United,2021-11-20T15:00Z
12,Sat Nov 20 2021,15:00,GMT/+0000,Wolverhampton Wanderers,1-0,0-0,West Ham United,2021-11-20T15:00Z
12,Sat Nov 20 2021,17:30,GMT/+0000,Liverpool FC,4-0,1-0,Arsenal FC,2021-11-20T17:30Z
12,Sun Nov 21 2021,16:30,GMT/+0000,Tottenham Hotspur,2-1,0-1,Leeds United,2021-11-21T16:30Z
12,Sun Nov 21 2021,14:00,GMT/+0000,Manchester City,3-0,1-0,Everton FC,2021-11-21T14:00Z
13,Sat Nov 27 2021,15:00,GMT/+0000,Crystal Palace,1-2,0-1,Aston Villa,2021-11-27T15:00Z
13,Sat Nov 27 2021,15:00,GMT/+0000,Liverpool FC,4-0,3-0,Southampton FC,2021-11-27T15:00Z
13,Sat Nov 27 2021,15:00,GMT/+0000,Norwich City,0-0,0-0,Wolverhampton Wanderers,2021-11-27T15:00Z
13,Sat Nov 27 2021,17:30,GMT/+0000,Brighton & Hove Albion,0-0,0-0,Leeds United,2021-11-27T17:30Z
13,Sat Nov 27 2021,12:30,GMT/+0000,Arsenal FC,2-0,0-0,Newcastle United,2021-11-27T12:30Z
13,Sun Nov 28 2021,14:00,GMT/+0000,Brentford FC,1-0,1-0,Everton FC,2021-11-28T14:00Z
13,Sun Nov 28 2021,14:00,GMT/+0000,Leicester City,4-2,3-1,Watford FC,2021-11-28T14:00Z
13,Sun Nov 28 2021,14:00,GMT/+0000,Manchester City,2-1,1-0,West Ham United,2021-11-28T14:00Z
13,Sun Nov 28 2021,16:30,GMT/+0000,Chelsea FC,1-1,0-0,Manchester United,2021-11-28T16:30Z
14,Tue Nov 30 2021,19:30,GMT/+0000,Newcastle United,1-1,0-0,Norwich City,2021-11-30T19:30Z
14,Tue Nov 30 2021,20:15,GMT/+0000,Leeds United,1-0,0-0,Crystal Palace,2021-11-30T20:15Z
14,Wed Dec 1 2021,19:30,GMT/+0000,West Ham United,1-1,1-0,Brighton & Hove Albion,2021-12-01T19:30Z
14,Wed Dec 1 2021,19:30,GMT/+0000,Watford FC,1-2,1-1,Chelsea FC,2021-12-01T19:30Z
14,Wed Dec 1 2021,20:15,GMT/+0000,Everton FC,1-4,1-2,Liverpool FC,2021-12-01T20:15Z
14,Wed Dec 1 2021,19:30,GMT/+0000,Wolverhampton Wanderers,0-0,0-0,Burnley FC,2021-12-01T19:30Z
14,Wed Dec 1 2021,19:30,GMT/+0000,Southampton FC,2-2,2-1,Leicester City,2021-12-01T19:30Z
14,Wed Dec 1 2021,20:15,GMT/+0000,Aston Villa,1-2,0-2,Manchester City,2021-12-01T20:15Z
14,Thu Dec 2 2021,20:15,GMT/+0000,Manchester United,3-2,1-1,Arsenal FC,2021-12-02T20:15Z
14,Thu Dec 2 2021,19:30,GMT/+0000,Tottenham Hotspur,2-0,1-0,Brentford FC,2021-12-02T19:30Z
15,Sat Dec 4 2021,12:30,GMT/+0000,West Ham United,3-2,1-2,Chelsea FC,2021-12-04T12:30Z
15,Sat Dec 4 2021,15:00,GMT/+0000,Southampton FC,1-1,1-0,Brighton & Hove Albion,2021-12-04T15:00Z
15,Sat Dec 4 2021,15:00,GMT/+0000,Newcastle United,1-0,1-0,Burnley FC,2021-12-04T15:00Z
15,Sat Dec 4 2021,15:00,GMT/+0000,Wolverhampton Wanderers,0-1,0-0,Liverpool FC,2021-12-04T15:00Z
15,Sat Dec 4 2021,17:30,GMT/+0000,Watford FC,1-3,0-2,Manchester City,2021-12-04T17:30Z
15,Sun Dec 5 2021,14:00,GMT/+0000,Tottenham Hotspur,3-0,1-0,Norwich City,2021-12-05T14:00Z
15,Sun Dec 5 2021,14:00,GMT/+0000,Leeds United,2-2,1-0,Brentford FC,2021-12-05T14:00Z
15,Sun Dec 5 2021,14:00,GMT/+0000,Manchester United,1-0,0-0,Crystal Palace,2021-12-05T14:00Z
15,Sun Dec 5 2021,16:30,GMT/+0000,Aston Villa,2-1,1-1,Leicester City,2021-12-05T16:30Z
15,Mon Dec 6 2021,20:00,GMT/+0000,Everton FC,2-1,0-1,Arsenal FC,2021-12-06T20:00Z
16,Fri Dec 10 2021,20:00,GMT/+0000,Brentford FC,2-1,0-1,Watford FC,2021-12-10T20:00Z
16,Sat Dec 11 2021,15:00,GMT/+0000,Liverpool FC,1-0,0-0,Aston Villa,2021-12-11T15:00Z
16,Sat Dec 11 2021,12:30,GMT/+0000,Manchester City,1-0,0-0,Wolverhampton Wanderers,2021-12-11T12:30Z
16,Sat Dec 11 2021,15:00,GMT/+0000,Arsenal FC,3-0,2-0,Southampton FC,2021-12-11T15:00Z
16,Sat Dec 11 2021,15:00,GMT/+0000,Chelsea FC,3-2,1-1,Leeds United,2021-12-11T15:00Z
16,Sat Dec 11 2021,17:30,GMT/+0000,Norwich City,0-1,0-0,Manchester United,2021-12-11T17:30Z
16,Sun Dec 12 2021,14:00,GMT/+0000,Burnley FC,0-0,0-0,West Ham United,2021-12-12T14:00Z
16,Sun Dec 12 2021,16:30,GMT/+0000,Crystal Palace,3-1,1-0,Everton FC,2021-12-12T16:30Z
16,Sun Dec 12 2021,14:00,GMT/+0000,Leicester City,4-0,1-0,Newcastle United,2021-12-12T14:00Z
17,Tue Dec 14 2021,19:45,GMT/+0000,Norwich City,0-2,0-1,Aston Villa,2021-12-14T19:45Z
17,Tue Dec 14 2021,20:00,GMT/+0000,Manchester City,7-0,3-0,Leeds United,2021-12-14T20:00Z
17,Wed Dec 15 2021,20:00,GMT/+0000,Arsenal FC,2-0,0-0,West Ham United,2021-12-15T20:00Z
17,Wed Dec 15 2021,19:30,GMT/+0000,Brighton & Hove Albion,0-1,0-1,Wolverhampton Wanderers,2021-12-15T19:30Z
17,Wed Dec 15 2021,19:30,GMT/+0000,Crystal Palace,2-2,1-2,Southampton FC,2021-12-15T19:30Z
17,Thu Dec 16 2021,19:45,GMT/+0000,Chelsea FC,1-1,0-0,Everton FC,2021-12-16T19:45Z
17,Thu Dec 16 2021,20:00,GMT/+0000,Liverpool FC,3-1,2-1,Newcastle United,2021-12-16T20:00Z
18,Sat Dec 18 2021,17:30,GMT/+0000,Leeds United,1-4,0-3,Arsenal FC,2021-12-18T17:30Z
18,Sun Dec 19 2021,14:00,GMT/+0000,Newcastle United,0-4,0-2,Manchester City,2021-12-19T14:00Z
18,Sun Dec 19 2021,16:30,GMT/+0000,Tottenham Hotspur,2-2,1-1,Liverpool FC,2021-12-19T16:30Z
18,Sun Dec 19 2021,14:00,GMT/+0000,Wolverhampton Wanderers,0-0,0-0,Chelsea FC,2021-12-19T14:00Z
19,Sun Dec 26 2021,15:00,GMT/+0000,West Ham United,2-3,0-1,Southampton FC,2021-12-26T15:00Z
19,Sun Dec 26 2021,15:00,GMT/+0000,Tottenham Hotspur,3-0,2-0,Crystal Palace,2021-12-26T15:00Z
19,Sun Dec 26 2021,15:00,GMT/+0000,Norwich City,0-5,0-2,Arsenal FC,2021-12-26T15:00Z
19,Sun Dec 26 2021,15:00,GMT/+0000,Manchester City,6-3,4-0,Leicester City,2021-12-26T15:00Z
19,Sun Dec 26 2021,17:30,GMT/+0000,Aston Villa,1-3,1-1,Chelsea FC,2021-12-26T17:30Z
19,Sun Dec 26 2021,20:00,GMT/+0000,Brighton & Hove Albion,2-0,2-0,Brentford FC,2021-12-26T20:00Z
19,Mon Dec 27 2021,20:00,GMT/+0000,Newcastle United,1-1,1-0,Manchester United,2021-12-27T20:00Z
20,Tue Dec 28 2021,15:00,GMT/+0000,Southampton FC,1-1,1-1,Tottenham Hotspur,2021-12-28T15:00Z
20,Tue Dec 28 2021,15:00,GMT/+0000,Watford FC,1-4,1-2,West Ham United,2021-12-28T15:00Z
20,Tue Dec 28 2021,15:00,GMT/+0000,Crystal Palace,3-0,3-0,Norwich City,2021-12-28T15:00Z
20,Tue Dec 28 2021,20:00,GMT/+0000,Leicester City,1-0,0-0,Liverpool FC,2021-12-28T20:00Z
20,Wed Dec 29 2021,20:15,GMT/+0000,Brentford FC,0-1,0-1,Manchester City,2021-12-29T20:15Z
20,Wed Dec 29 2021,19:30,GMT/+0000,Chelsea FC,1-1,1-0,Brighton & Hove Albion,2021-12-29T19:30Z
20,Thu Dec 30 2021,20:15,GMT/+0000,Manchester United,3-1,3-1,Burnley FC,2021-12-30T20:15Z
21,Sat Jan 1 2022,12:30,GMT/+0000,Arsenal FC,1-2,1-0,Manchester City,2022-01-01T12:30Z
21,Sat Jan 1 2022,15:00,GMT/+0000,Watford FC,0-1,0-0,Tottenham Hotspur,2022-01-01T15:00Z
21,Sat Jan 1 2022,17:30,GMT/+0000,Crystal Palace,2-3,0-3,West Ham United,2022-01-01T17:30Z
21,Sun Jan 2 2022,14:00,GMT/+0000,Brentford FC,2-1,1-1,Aston Villa,2022-01-02T14:00Z
21,Sun Jan 2 2022,16:30,GMT/+0000,Chelsea FC,2-2,2-2,Liverpool FC,2022-01-02T16:30Z
21,Sun Jan 2 2022,14:00,GMT/+0000,Leeds United,3-1,1-0,Burnley FC,2022-01-02T14:00Z
21,Sun Jan 2 2022,14:00,GMT/+0000,Everton FC,2-3,0-2,Brighton & Hove Albion,2022-01-02T14:00Z
21,Mon Jan 3 2022,17:30,GMT/+0000,Manchester United,0-1,0-0,Wolverhampton Wanderers,2022-01-03T17:30Z
18,Tue Jan 11 2022,19:45,GMT/+0000,Southampton FC,4-1,2-1,Brentford FC,2022-01-11T19:45Z
18,Wed Jan 12 2022,19:45,GMT/+0000,West Ham United,2-0,1-0,Norwich City,2022-01-12T19:45Z
22,Fri Jan 14 2022,20:00,GMT/+0000,Brighton & Hove Albion,1-1,0-0,Crystal Palace,2022-01-14T20:00Z
22,Sat Jan 15 2022,15:00,GMT/+0000,Newcastle United,1-1,0-0,Watford FC,2022-01-15T15:00Z
22,Sat Jan 15 2022,15:00,GMT/+0000,Wolverhampton Wanderers,3-1,1-0,Southampton FC,2022-01-15T15:00Z
22,Sat Jan 15 2022,17:30,GMT/+0000,Aston Villa,2-2,0-1,Manchester United,2022-01-15T17:30Z
22,Sat Jan 15 2022,15:00,GMT/+0000,Norwich City,2-1,2-0,Everton FC,2022-01-15T15:00Z
22,Sat Jan 15 2022,12:30,GMT/+0000,Manchester City,1-0,0-0,Chelsea FC,2022-01-15T12:30Z
22,Sun Jan 16 2022,14:00,GMT/+0000,Liverpool FC,3-0,1-0,Brentford FC,2022-01-16T14:00Z
22,Sun Jan 16 2022,14:00,GMT/+0000,West Ham United,2-3,1-2,Leeds United,2022-01-16T14:00Z
24,Tue Jan 18 2022,20:00,GMT/+0000,Brighton & Hove Albion,1-1,0-1,Chelsea FC,2022-01-18T20:00Z
17,Wed Jan 19 2022,20:00,GMT/+0000,Brentford FC,1-3,0-0,Manchester United,2022-01-19T20:00Z
17,Wed Jan 19 2022,19:30,GMT/+0000,Leicester City,2-3,1-1,Tottenham Hotspur,2022-01-19T19:30Z
23,Fri Jan 21 2022,20:00,GMT/+0000,Watford FC,0-3,0-0,Norwich City,2022-01-21T20:00Z
23,Sat Jan 22 2022,17:30,GMT/+0000,Southampton FC,1-1,1-0,Manchester City,2022-01-22T17:30Z
23,Sat Jan 22 2022,15:00,GMT/+0000,Brentford FC,1-2,0-0,Wolverhampton Wanderers,2022-01-22T15:00Z
23,Sat Jan 22 2022,15:00,GMT/+0000,Leeds United,0-1,0-0,Newcastle United,2022-01-22T15:00Z
23,Sat Jan 22 2022,15:00,GMT/+0000,Manchester United,1-0,0-0,West Ham United,2022-01-22T15:00Z
23,Sat Jan 22 2022,12:30,GMT/+0000,Everton FC,0-1,0-1,Aston Villa,2022-01-22T12:30Z
23,Sun Jan 23 2022,14:00,GMT/+0000,Leicester City,1-1,0-0,Brighton & Hove Albion,2022-01-23T14:00Z
23,Sun Jan 23 2022,16:30,GMT/+0000,Chelsea FC,2-0,0-0,Tottenham Hotspur,2022-01-23T16:30Z
23,Sun Jan 23 2022,14:00,GMT/+0000,Arsenal FC,0-0,0-0,Burnley FC,2022-01-23T14:00Z
23,Sun Jan 23 2022,14:00,GMT/+0000,Crystal Palace,1-3,0-2,Liverpool FC,2022-01-23T14:00Z
17,Sat Feb 5 2022,18:00,GMT/+0000,Burnley FC,0-0,0-0,Watford FC,2022-02-05T18:00Z
24,Tue Feb 8 2022,19:45,GMT/+0000,West Ham United,1-0,0-0,Watford FC,2022-02-08T19:45Z
24,Tue Feb 8 2022,20:00,GMT/+0000,Burnley FC,1-1,0-1,Manchester United,2022-02-08T20:00Z
24,Tue Feb 8 2022,19:45,GMT/+0000,Newcastle United,3-1,1-1,Everton FC,2022-02-08T19:45Z
24,Wed Feb 9 2022,19:45,GMT/+0000,Manchester City,2-0,1-0,Brentford FC,2022-02-09T19:45Z
24,Wed Feb 9 2022,19:45,GMT/+0000,Norwich City,1-1,1-0,Crystal Palace,2022-02-09T19:45Z
24,Wed Feb 9 2022,19:45,GMT/+0000,Tottenham Hotspur,2-3,1-1,Southampton FC,2022-02-09T19:45Z
24,Wed Feb 9 2022,20:00,GMT/+0000,Aston Villa,3-3,3-2,Leeds United,2022-02-09T20:00Z
24,Thu Feb 10 2022,19:45,GMT/+0000,Wolverhampton Wanderers,0-1,0-1,Arsenal FC,2022-02-10T19:45Z
24,Thu Feb 10 2022,19:45,GMT/+0000,Liverpool FC,2-0,1-0,Leicester City,2022-02-10T19:45Z
25,Sat Feb 12 2022,12:30,GMT/+0000,Manchester United,1-1,1-0,Southampton FC,2022-02-12T12:30Z
25,Sat Feb 12 2022,15:00,GMT/+0000,Everton FC,3-0,2-0,Leeds United,2022-02-12T15:00Z
25,Sat Feb 12 2022,15:00,GMT/+0000,Watford FC,0-2,0-1,Brighton & Hove Albion,2022-02-12T15:00Z
25,Sat Feb 12 2022,17:30,GMT/+0000,Norwich City,0-4,0-1,Manchester City,2022-02-12T17:30Z
25,Sat Feb 12 2022,15:00,GMT/+0000,Brentford FC,0-0,0-0,Crystal Palace,2022-02-12T15:00Z
25,Sun Feb 13 2022,14:00,GMT/+0000,Burnley FC,0-1,0-1,Liverpool FC,2022-02-13T14:00Z
25,Sun Feb 13 2022,14:00,GMT/+0000,Newcastle United,1-0,1-0,Aston Villa,2022-02-13T14:00Z
25,Sun Feb 13 2022,14:00,GMT/+0000,Tottenham Hotspur,0-2,0-2,Wolverhampton Wanderers,2022-02-13T14:00Z
25,Sun Feb 13 2022,16:30,GMT/+0000,Leicester City,2-2,1-1,West Ham United,2022-02-13T16:30Z
18,Tue Feb 15 2022,20:15,GMT/+0000,Manchester United,2-0,0-0,Brighton & Hove Albion,2022-02-15T20:15Z
26,Sat Feb 19 2022,12:30,GMT/+0000,West Ham United,1-1,1-1,Newcastle United,2022-02-19T12:30Z
26,Sat Feb 19 2022,15:00,GMT/+0000,Liverpool FC,3-1,0-0,Norwich City,2022-02-19T15:00Z
26,Sat Feb 19 2022,15:00,GMT/+0000,Southampton FC,2-0,0-0,Everton FC,2022-02-19T15:00Z
26,Sat Feb 19 2022,15:00,GMT/+0000,Aston Villa,0-1,0-0,Watford FC,2022-02-19T15:00Z
26,Sat Feb 19 2022,15:00,GMT/+0000,Arsenal FC,2-1,0-0,Brentford FC,2022-02-19T15:00Z
26,Sat Feb 19 2022,15:00,GMT/+0000,Crystal Palace,0-1,0-0,Chelsea FC,2022-02-19T15:00Z
26,Sat Feb 19 2022,15:00,GMT/+0000,Brighton & Hove Albion,0-3,0-2,Burnley FC,2022-02-19T15:00Z
26,Sat Feb 19 2022,17:30,GMT/+0000,Manchester City,2-3,1-1,Tottenham Hotspur,2022-02-19T17:30Z
26,Sun Feb 20 2022,14:00,GMT/+0000,Leeds United,2-4,0-2,Manchester United,2022-02-20T14:00Z
26,Sun Feb 20 2022,16:30,GMT/+0000,Wolverhampton Wanderers,2-1,1-1,Leicester City,2022-02-20T16:30Z
18,Wed Feb 23 2022,19:30,GMT/+0000,Watford FC,1-4,1-2,Crystal Palace,2022-02-23T19:30Z
13,Wed Feb 23 2022,19:30,GMT/+0000,Burnley FC,1-0,0-0,Tottenham Hotspur,2022-02-23T19:30Z
19,Wed Feb 23 2022,19:45,GMT/+0000,Liverpool FC,6-0,3-0,Leeds United,2022-02-23T19:45Z
20,Thu Feb 24 2022,19:45,GMT/+0000,Arsenal FC,2-1,0-1,Wolverhampton Wanderers,2022-02-24T19:45Z
27,Fri Feb 25 2022,20:00,GMT/+0000,Southampton FC,2-0,1-0,Norwich City,2022-02-25T20:00Z
27,Sat Feb 26 2022,12:30,GMT/+0000,Leeds United,0-4,0-3,Tottenham Hotspur,2022-02-26T12:30Z
27,Sat Feb 26 2022,17:30,GMT/+0000,Everton FC,0-1,0-0,Manchester City,2022-02-26T17:30Z
27,Sat Feb 26 2022,15:00,GMT/+0000,Manchester United,0-0,0-0,Watford FC,2022-02-26T15:00Z
27,Sat Feb 26 2022,15:00,GMT/+0000,Brentford FC,0-2,0-2,Newcastle United,2022-02-26T15:00Z
27,Sat Feb 26 2022,15:30,GMT/+0000,Brighton & Hove Albion,0-2,0-1,Aston Villa,2022-02-26T15:30Z
27,Sat Feb 26 2022,15:00,GMT/+0000,Crystal Palace,1-1,1-0,Burnley FC,2022-02-26T15:00Z
27,Sun Feb 27 2022,14:00,GMT/+0000,West Ham United,1-0,0-0,Wolverhampton Wanderers,2022-02-27T14:00Z
22,Tue Mar 1 2022,19:45,GMT/+0000,Burnley FC,0-2,0-0,Leicester City,2022-03-01T19:45Z
28,Sat Mar 5 2022,12:30,GMT/+0000,Leicester City,1-0,0-0,Leeds United,2022-03-05T12:30Z
28,Sat Mar 5 2022,15:00,GMT/+0000,Burnley FC,0-4,0-0,Chelsea FC,2022-03-05T15:00Z
28,Sat Mar 5 2022,15:00,GMT/+0000,Newcastle United,2-1,2-0,Brighton & Hove Albion,2022-03-05T15:00Z
28,Sat Mar 5 2022,15:00,GMT/+0000,Aston Villa,4-0,2-0,Southampton FC,2022-03-05T15:00Z
28,Sat Mar 5 2022,15:00,GMT/+0000,Wolverhampton Wanderers,0-2,0-2,Crystal Palace,2022-03-05T15:00Z
28,Sat Mar 5 2022,17:30,GMT/+0000,Liverpool FC,1-0,1-0,West Ham United,2022-03-05T17:30Z
28,Sat Mar 5 2022,15:00,GMT/+0000,Norwich City,1-3,0-1,Brentford FC,2022-03-05T15:00Z
28,Sun Mar 6 2022,16:30,GMT/+0000,Manchester City,4-1,2-1,Manchester United,2022-03-06T16:30Z
28,Sun Mar 6 2022,14:00,GMT/+0000,Watford FC,2-3,1-2,Arsenal FC,2022-03-06T14:00Z
28,Mon Mar 7 2022,20:00,GMT/+0000,Tottenham Hotspur,5-0,3-0,Everton FC,2022-03-07T20:00Z
21,Thu Mar 10 2022,19:30,GMT/+0000,Southampton FC,1-2,1-1,Newcastle United,2022-03-10T19:30Z
30,Thu Mar 10 2022,19:30,GMT/+0000,Norwich City,1-3,0-2,Chelsea FC,2022-03-10T19:30Z
19,Thu Mar 10 2022,19:30,GMT/+0000,Wolverhampton Wanderers,4-0,3-0,Watford FC,2022-03-10T19:30Z
20,Thu Mar 10 2022,19:45,GMT/+0000,Leeds United,0-3,0-1,Aston Villa,2022-03-10T19:45Z
29,Sat Mar 12 2022,17:30,GMT/+0000,Manchester United,3-2,2-1,Tottenham Hotspur,2022-03-12T17:30Z
29,Sat Mar 12 2022,12:30,GMT/+0000,Brighton & Hove Albion,0-2,0-1,Liverpool FC,2022-03-12T12:30Z
29,Sat Mar 12 2022,15:00,GMT/+0000,Brentford FC,2-0,0-0,Burnley FC,2022-03-12T15:00Z
29,Sun Mar 13 2022,14:00,GMT/+0000,Leeds United,2-1,1-0,Norwich City,2022-03-13T14:00Z
29,Sun Mar 13 2022,14:00,GMT/+0000,Southampton FC,1-2,1-2,Watford FC,2022-03-13T14:00Z
29,Sun Mar 13 2022,14:00,GMT/+0000,Everton FC,0-1,0-0,Wolverhampton Wanderers,2022-03-13T14:00Z
29,Sun Mar 13 2022,14:00,GMT/+0000,Chelsea FC,1-0,0-0,Newcastle United,2022-03-13T14:00Z
29,Sun Mar 13 2022,16:30,GMT/+0000,Arsenal FC,2-0,1-0,Leicester City,2022-03-13T16:30Z
29,Sun Mar 13 2022,14:00,GMT/+0000,West Ham United,2-1,0-0,Aston Villa,2022-03-13T14:00Z
29,Mon Mar 14 2022,20:00,GMT/+0000,Crystal Palace,0-0,0-0,Manchester City,2022-03-14T20:00Z
27,Wed Mar 16 2022,20:15,GMT/+0000,Arsenal FC,0-2,0-0,Liverpool FC,2022-03-16T20:15Z
16,Wed Mar 16 2022,19:30,GMT/+0000,Brighton & Hove Albion,0-2,0-1,Tottenham Hotspur,2022-03-16T19:30Z
20,Thu Mar 17 2022,19:45,GMT/+0000,Everton FC,1-0,0-0,Newcastle United,2022-03-17T19:45Z
30,Fri Mar 18 2022,20:00,GMT/+0000,Wolverhampton Wanderers,2-3,2-0,Leeds United,2022-03-18T20:00Z
30,Sat Mar 19 2022,12:30,GMT/+0000,Aston Villa,0-1,0-1,Arsenal FC,2022-03-19T12:30Z
30,Sun Mar 20 2022,16:30,GMT/+0000,Tottenham Hotspur,3-1,2-1,West Ham United,2022-03-20T16:30Z
30,Sun Mar 20 2022,14:00,GMT/+0000,Leicester City,2-1,2-0,Brentford FC,2022-03-20T14:00Z
31,Sat Apr 2 2022,15:00,BST/+0100,Wolverhampton Wanderers,2-1,2-0,Aston Villa,2022-04-02T14:00Z
31,Sat Apr 2 2022,15:00,BST/+0100,Chelsea FC,1-4,0-0,Brentford FC,2022-04-02T14:00Z
31,Sat Apr 2 2022,15:00,BST/+0100,Burnley FC,0-2,0-2,Manchester City,2022-04-02T14:00Z
31,Sat Apr 2 2022,15:00,BST/+0100,Brighton & Hove Albion,0-0,0-0,Norwich City,2022-04-02T14:00Z
31,Sat Apr 2 2022,12:30,BST/+0100,Liverpool FC,2-0,1-0,Watford FC,2022-04-02T11:30Z
31,Sat Apr 2 2022,15:00,BST/+0100,Leeds United,1-1,1-0,Southampton FC,2022-04-02T14:00Z
31,Sat Apr 2 2022,17:30,BST/+0100,Manchester United,1-1,0-0,Leicester City,2022-04-02T16:30Z
31,Sun Apr 3 2022,16:30,BST/+0100,Tottenham Hotspur,5-1,1-1,Newcastle United,2022-04-03T15:30Z
31,Sun Apr 3 2022,14:00,BST/+0100,West Ham United,2-1,1-0,Everton FC,2022-04-03T13:00Z
31,Mon Apr 4 2022,20:00,BST/+0100,Crystal Palace,3-0,2-0,Arsenal FC,2022-04-04T19:00Z
19,Wed Apr 6 2022,19:30,BST/+0100,Burnley FC,3-2,1-2,Everton FC,2022-04-06T18:30Z
32,Fri Apr 8 2022,20:00,BST/+0100,Newcastle United,1-0,0-0,Wolverhampton Wanderers,2022-04-08T19:00Z
32,Sat Apr 9 2022,15:00,BST/+0100,Watford FC,0-3,0-1,Leeds United,2022-04-09T14:00Z
32,Sat Apr 9 2022,17:30,BST/+0100,Aston Villa,0-4,0-1,Tottenham Hotspur,2022-04-09T16:30Z
32,Sat Apr 9 2022,15:00,BST/+0100,Arsenal FC,1-2,0-1,Brighton & Hove Albion,2022-04-09T14:00Z
32,Sat Apr 9 2022,12:30,BST/+0100,Everton FC,1-0,1-0,Manchester United,2022-04-09T11:30Z
32,Sat Apr 9 2022,15:00,BST/+0100,Southampton FC,0-6,0-4,Chelsea FC,2022-04-09T14:00Z
32,Sun Apr 10 2022,14:00,BST/+0100,Leicester City,2-1,2-0,Crystal Palace,2022-04-10T13:00Z
32,Sun Apr 10 2022,14:00,BST/+0100,Brentford FC,2-0,0-0,West Ham United,2022-04-10T13:00Z
32,Sun Apr 10 2022,16:30,BST/+0100,Manchester City,2-2,2-1,Liverpool FC,2022-04-10T15:30Z
32,Sun Apr 10 2022,14:00,BST/+0100,Norwich City,2-0,1-0,Burnley FC,2022-04-10T13:00Z
33,Sat Apr 16 2022,15:00,BST/+0100,Southampton FC,1-0,1-0,Arsenal FC,2022-04-16T14:00Z
33,Sat Apr 16 2022,15:00,BST/+0100,Manchester United,3-2,2-1,Norwich City,2022-04-16T14:00Z
33,Sat Apr 16 2022,15:00,BST/+0100,Watford FC,1-2,0-1,Brentford FC,2022-04-16T14:00Z
33,Sat Apr 16 2022,12:30,BST/+0100,Tottenham Hotspur,0-1,0-0,Brighton & Hove Albion,2022-04-16T11:30Z
33,Sun Apr 17 2022,14:15,BST/+0100,West Ham United,1-1,0-1,Burnley FC,2022-04-17T13:15Z
33,Sun Apr 17 2022,14:15,BST/+0100,Newcastle United,2-1,1-1,Leicester City,2022-04-17T13:15Z
30,Tue Apr 19 2022,20:00,BST/+0100,Liverpool FC,4-0,2-0,Manchester United,2022-04-19T19:00Z
30,Wed Apr 20 2022,19:45,BST/+0100,Newcastle United,1-0,1-0,Crystal Palace,2022-04-20T18:45Z
30,Wed Apr 20 2022,20:00,BST/+0100,Manchester City,3-0,0-0,Brighton & Hove Albion,2022-04-20T19:00Z
18,Wed Apr 20 2022,19:45,BST/+0100,Everton FC,1-1,0-1,Leicester City,2022-04-20T18:45Z
25,Wed Apr 20 2022,19:45,BST/+0100,Chelsea FC,2-4,2-2,Arsenal FC,2022-04-20T18:45Z
30,Thu Apr 21 2022,19:45,BST/+0100,Burnley FC,2-0,2-0,Southampton FC,2022-04-21T18:45Z
34,Sat Apr 23 2022,15:00,BST/+0100,Manchester City,5-1,3-1,Watford FC,2022-04-23T14:00Z
34,Sat Apr 23 2022,15:00,BST/+0100,Norwich City,0-3,0-2,Newcastle United,2022-04-23T14:00Z
34,Sat Apr 23 2022,17:30,BST/+0100,Brentford FC,0-0,0-0,Tottenham Hotspur,2022-04-23T16:30Z
34,Sat Apr 23 2022,15:00,BST/+0100,Leicester City,0-0,0-0,Aston Villa,2022-04-23T14:00Z
34,Sat Apr 23 2022,12:30,BST/+0100,Arsenal FC,3-1,2-1,Manchester United,2022-04-23T11:30Z
34,Sun Apr 24 2022,14:00,BST/+0100,Burnley FC,1-0,0-0,Wolverhampton Wanderers,2022-04-24T13:00Z
34,Sun Apr 24 2022,14:00,BST/+0100,Brighton & Hove Albion,2-2,2-1,Southampton FC,2022-04-24T13:00Z
34,Sun Apr 24 2022,16:30,BST/+0100,Liverpool FC,2-0,0-0,Everton FC,2022-04-24T15:30Z
34,Sun Apr 24 2022,14:00,BST/+0100,Chelsea FC,1-0,0-0,West Ham United,2022-04-24T13:00Z
34,Mon Apr 25 2022,20:00,BST/+0100,Crystal Palace,0-0,0-0,Leeds United,2022-04-25T19:00Z
37,Thu Apr 28 2022,19:45,BST/+0100,Manchester United,1-1,0-0,Chelsea FC,2022-04-28T18:45Z
35,Sat Apr 30 2022,15:00,BST/+0100,Aston Villa,2-0,1-0,Norwich City,2022-04-30T14:00Z
35,Sat Apr 30 2022,17:30,BST/+0100,Leeds United,0-4,0-1,Manchester City,2022-04-30T16:30Z
35,Sat Apr 30 2022,12:30,BST/+0100,Newcastle United,0-1,0-1,Liverpool FC,2022-04-30T11:30Z
35,Sat Apr 30 2022,15:00,BST/+0100,Watford FC,1-2,1-0,Burnley FC,2022-04-30T14:00Z
35,Sat Apr 30 2022,15:00,BST/+0100,Wolverhampton Wanderers,0-3,0-1,Brighton & Hove Albion,2022-04-30T14:00Z
35,Sat Apr 30 2022,15:00,BST/+0100,Southampton FC,1-2,1-0,Crystal Palace,2022-04-30T14:00Z
35,Sun May 1 2022,14:00,BST/+0100,Tottenham Hotspur,3-1,1-0,Leicester City,2022-05-01T13:00Z
35,Sun May 1 2022,14:00,BST/+0100,Everton FC,1-0,0-0,Chelsea FC,2022-05-01T13:00Z
35,Sun May 1 2022,16:30,BST/+0100,West Ham United,1-2,1-1,Arsenal FC,2022-05-01T15:30Z
35,Mon May 2 2022,20:00,BST/+0100,Manchester United,3-0,1-0,Brentford FC,2022-05-02T19:00Z
36,Sat May 7 2022,17:30,BST/+0100,Brighton & Hove Albion,4-0,1-0,Manchester United,2022-05-07T16:30Z
36,Sat May 7 2022,15:00,BST/+0100,Burnley FC,1-3,0-2,Aston Villa,2022-05-07T14:00Z
36,Sat May 7 2022,15:00,BST/+0100,Brentford FC,3-0,2-0,Southampton FC,2022-05-07T14:00Z
36,Sat May 7 2022,19:45,BST/+0100,Liverpool FC,1-1,0-0,Tottenham Hotspur,2022-05-07T18:45Z
36,Sat May 7 2022,15:00,BST/+0100,Crystal Palace,1-0,1-0,Watford FC,2022-05-07T14:00Z
36,Sat May 7 2022,15:00,BST/+0100,Chelsea FC,2-2,0-0,Wolverhampton Wanderers,2022-05-07T14:00Z
36,Sun May 8 2022,14:00,BST/+0100,Norwich City,0-4,0-3,West Ham United,2022-05-08T13:00Z
36,Sun May 8 2022,16:30,BST/+0100,Manchester City,5-0,2-0,Newcastle United,2022-05-08T15:30Z
36,Sun May 8 2022,14:00,BST/+0100,Arsenal FC,2-1,2-0,Leeds United,2022-05-08T13:00Z
36,Sun May 8 2022,14:00,BST/+0100,Leicester City,1-2,1-2,Everton FC,2022-05-08T13:00Z
33,Tue May 10 2022,20:00,BST/+0100,Aston Villa,1-2,1-1,Liverpool FC,2022-05-10T19:00Z
30,Wed May 11 2022,19:45,BST/+0100,Watford FC,0-0,0-0,Everton FC,2022-05-11T18:45Z
33,Wed May 11 2022,20:15,BST/+0100,Wolverhampton Wanderers,1-5,1-3,Manchester City,2022-05-11T19:15Z
33,Wed May 11 2022,19:30,BST/+0100,Leeds United,0-3,0-1,Chelsea FC,2022-05-11T18:30Z
21,Wed May 11 2022,19:45,BST/+0100,Leicester City,3-0,0-0,Norwich City,2022-05-11T18:45Z
22,Thu May 12 2022,19:45,BST/+0100,Tottenham Hotspur,3-0,2-0,Arsenal FC,2022-05-12T18:45Z
37,Sun May 15 2022,14:00,BST/+0100,West Ham United,2-2,2-0,Manchester City,2022-05-15T13:00Z
37,Sun May 15 2022,16:30,BST/+0100,Everton FC,2-3,2-1,Brentford FC,2022-05-15T15:30Z
37,Sun May 15 2022,14:00,BST/+0100,Leeds United,1-1,0-1,Brighton & Hove Albion,2022-05-15T13:00Z
37,Sun May 15 2022,12:00,BST/+0100,Tottenham Hotspur,1-0,1-0,Burnley FC,2022-05-15T11:00Z
37,Sun May 15 2022,14:00,BST/+0100,Aston Villa,1-1,0-0,Crystal Palace,2022-05-15T13:00Z
37,Sun May 15 2022,14:00,BST/+0100,Watford FC,1-5,1-2,Leicester City,2022-05-15T13:00Z
37,Sun May 15 2022,14:00,BST/+0100,Wolverhampton Wanderers,1-1,0-1,Norwich City,2022-05-15T13:00Z
37,Mon May 16 2022,20:00,BST/+0100,Newcastle United,2-0,0-0,Arsenal FC,2022-05-16T19:00Z
37,Tue May 17 2022,19:45,BST/+0100,Southampton FC,1-2,1-1,Liverpool FC,2022-05-17T18:45Z
18,Thu May 19 2022,20:00,BST/+0100,Aston Villa,1-1,0-1,Burnley FC,2022-05-19T19:00Z
27,Thu May 19 2022,20:00,BST/+0100,Chelsea FC,1-1,1-1,Leicester City,2022-05-19T19:00Z
33,Thu May 19 2022,19:45,BST/+0100,Everton FC,3-2,0-2,Crystal Palace,2022-05-19T18:45Z
38,Sun May 22 2022,16:00,BST/+0100,Arsenal FC,5-1,2-1,Everton FC,2022-05-22T15:00Z
38,Sun May 22 2022,16:00,BST/+0100,Brentford FC,1-2,0-0,Leeds United,2022-05-22T15:00Z
38,Sun May 22 2022,16:00,BST/+0100,Brighton & Hove Albion,3-1,0-1,West Ham United,2022-05-22T15:00Z
38,Sun May 22 2022,16:00,BST/+0100,Burnley FC,1-2,0-1,Newcastle United,2022-05-22T15:00Z
38,Sun May 22 2022,16:00,BST/+0100,Chelsea FC,2-1,1-0,Watford FC,2022-05-22T15:00Z
38,Sun May 22 2022,16:00,BST/+0100,Crystal Palace,1-0,1-0,Manchester United,2022-05-22T15:00Z
38,Sun May 22 2022,16:00,BST/+0100,Leicester City,4-1,0-0,Southampton FC,2022-05-22T15:00Z
38,Sun May 22 2022,16:00,BST/+0100,Liverpool FC,3-1,1-1,Wolverhampton Wanderers,2022-05-22T15:00Z
38,Sun May 22 2022,16:00,BST/+0100,Manchester City,3-2,0-1,Aston Villa,2022-05-22T15:00Z
38,Sun May 22 2022,16:00,BST/+0100,Norwich City,0-5,0-2,Tottenham Hotspur,2022-05-22T15:00Z
