Round,Date,Time,Timezone,Team 1,FT,HT,Team 2,UTC
1,Sat Apr 9 2022,19:00,-0300,Atlético Goianiense,1-1,0-0,Flamengo RJ,2022-04-09T22:00Z
1,Sat Apr 9 2022,21:00,-0300,Palmeiras,2-3,1-2,Ceará CE,2022-04-10T00:00Z
1,Sat Apr 9 2022,16:30,-0300,Fluminense RJ,0-0,0-0,Santos FC,2022-04-09T19:30Z
1,Sun Apr 10 2022,11:00,-0300,Coritiba PR,3-0,1-0,Goiás GO,2022-04-10T14:00Z
1,Sun Apr 10 2022,16:00,-0300,Atlético Mineiro,2-0,1-0,Internacional,2022-04-10T19:00Z
1,Sun Apr 10 2022,16:00,-0300,Botafogo RJ,1-3,0-3,Corinthians SP,2022-04-10T19:00Z
1,Sun Apr 10 2022,18:00,-0300,Fortaleza CE,0-1,0-1,Cuiabá MT,2022-04-10T21:00Z
1,Sun Apr 10 2022,19:00,-0300,Avaí SC,1-0,0-0,América MG,2022-04-10T22:00Z
1,Sun Apr 10 2022,19:00,-0300,São Paulo FC,4-0,1-0,Athletico Paranaense,2022-04-10T22:00Z
1,Mon Apr 11 2022,20:00,-0300,Juventude RS,2-2,1-1,Red Bull Bragantino,2022-04-11T23:00Z
2,Sat Apr 16 2022,16:30,-0300,Goiás GO,1-1,0-0,Palmeiras,2022-04-16T19:30Z
2,Sat Apr 16 2022,19:00,-0300,América MG,4-1,2-0,Juventude RS,2022-04-16T22:00Z
2,Sat Apr 16 2022,19:00,-0300,Corinthians SP,3-0,2-0,Avaí SC,2022-04-16T22:00Z
2,Sat Apr 16 2022,21:00,-0300,Cuiabá MT,0-1,0-0,Fluminense RJ,2022-04-17T00:00Z
2,Sun Apr 17 2022,16:00,-0300,Flamengo RJ,3-1,1-1,São Paulo FC,2022-04-17T19:00Z
2,Sun Apr 17 2022,18:00,-0300,Athletico Paranaense,0-1,0-0,Atlético Mineiro,2022-04-17T21:00Z
2,Sun Apr 17 2022,18:00,-0300,Red Bull Bragantino,4-0,3-0,Atlético Goianiense,2022-04-17T21:00Z
2,Sun Apr 17 2022,18:00,-0300,Internacional,2-1,1-1,Fortaleza CE,2022-04-17T21:00Z
2,Sun Apr 17 2022,19:00,-0300,Ceará CE,1-3,1-1,Botafogo RJ,2022-04-17T22:00Z
2,Sun Apr 17 2022,11:00,-0300,Santos FC,2-1,2-1,Coritiba PR,2022-04-17T14:00Z
4,Wed Apr 20 2022,19:30,-0300,Flamengo RJ,0-0,0-0,Palmeiras,2022-04-20T22:30Z
3,Sat Apr 23 2022,19:00,-0300,Fluminense RJ,0-1,0-0,Internacional,2022-04-23T22:00Z
3,Sat Apr 23 2022,19:00,-0300,Palmeiras,3-0,2-0,Corinthians SP,2022-04-23T22:00Z
3,Sat Apr 23 2022,21:00,-0300,Atlético Mineiro,2-2,2-0,Coritiba PR,2022-04-24T00:00Z
3,Sat Apr 23 2022,16:30,-0300,Athletico Paranaense,1-0,1-0,Flamengo RJ,2022-04-23T19:30Z
3,Sat Apr 23 2022,16:30,-0300,Red Bull Bragantino,1-1,1-0,São Paulo FC,2022-04-23T19:30Z
3,Sun Apr 24 2022,18:30,-0300,Atlético Goianiense,1-1,0-0,Botafogo RJ,2022-04-24T21:30Z
3,Sun Apr 24 2022,16:00,-0300,Santos FC,3-0,1-0,América MG,2022-04-24T19:00Z
3,Sun Apr 24 2022,18:00,-0300,Juventude RS,0-1,0-0,Cuiabá MT,2022-04-24T21:00Z
3,Mon Apr 25 2022,20:00,-0300,Avaí SC,3-2,1-0,Goiás GO,2022-04-25T23:00Z
4,Sat Apr 30 2022,19:00,-0300,Cuiabá MT,1-1,0-1,Atlético Goianiense,2022-04-30T22:00Z
4,Sat Apr 30 2022,16:30,-0300,América MG,1-0,0-0,Athletico Paranaense,2022-04-30T19:30Z
4,Sat Apr 30 2022,16:30,-0300,Ceará CE,0-1,0-1,Red Bull Bragantino,2022-04-30T19:30Z
4,Sat Apr 30 2022,18:30,-0300,Goiás GO,2-2,0-1,Atlético Mineiro,2022-04-30T21:30Z
4,Sun May 1 2022,11:00,-0300,Botafogo RJ,1-1,0-0,Juventude RS,2022-05-01T14:00Z
4,Sun May 1 2022,16:00,-0300,Corinthians SP,1-0,0-0,Fortaleza CE,2022-05-01T19:00Z
4,Sun May 1 2022,16:00,-0300,Coritiba PR,3-2,0-2,Fluminense RJ,2022-05-01T19:00Z
4,Sun May 1 2022,19:00,-0300,Internacional,0-0,0-0,Avaí SC,2022-05-01T22:00Z
4,Mon May 2 2022,20:00,-0300,São Paulo FC,2-1,1-1,Santos FC,2022-05-02T23:00Z
5,Sat May 7 2022,16:30,-0300,Atlético Mineiro,1-2,0-1,América MG,2022-05-07T19:30Z
5,Sat May 7 2022,20:30,-0300,Athletico Paranaense,1-0,0-0,Ceará CE,2022-05-07T23:30Z
5,Sun May 8 2022,19:00,-0300,Juventude RS,1-1,0-0,Internacional,2022-05-08T22:00Z
5,Sun May 8 2022,11:00,-0300,Flamengo RJ,0-1,0-0,Botafogo RJ,2022-05-08T14:00Z
5,Sun May 8 2022,16:00,-0300,Atlético Goianiense,0-1,0-1,Goiás GO,2022-05-08T19:00Z
5,Sun May 8 2022,16:00,-0300,Palmeiras,1-1,0-0,Fluminense RJ,2022-05-08T19:00Z
5,Sun May 8 2022,18:00,-0300,Red Bull Bragantino,0-1,0-0,Corinthians SP,2022-05-08T21:00Z
5,Sun May 8 2022,18:00,-0300,Santos FC,4-1,2-1,Cuiabá MT,2022-05-08T21:00Z
5,Sun May 8 2022,19:00,-0300,Fortaleza CE,1-1,0-0,São Paulo FC,2022-05-08T22:00Z
5,Mon May 9 2022,20:00,-0300,Avaí SC,2-1,0-0,Coritiba PR,2022-05-09T23:00Z
7,Wed May 11 2022,20:30,-0300,Red Bull Bragantino,1-1,1-0,Atlético Mineiro,2022-05-11T23:30Z
6,Sat May 14 2022,16:30,-0300,Ceará CE,2-2,1-2,Flamengo RJ,2022-05-14T19:30Z
6,Sat May 14 2022,16:30,-0300,Palmeiras,2-0,1-0,Red Bull Bragantino,2022-05-14T19:30Z
6,Sat May 14 2022,19:00,-0300,Atlético Mineiro,2-0,1-0,Atlético Goianiense,2022-05-14T22:00Z
6,Sat May 14 2022,19:00,-0300,Internacional,2-2,2-1,Corinthians SP,2022-05-14T22:00Z
6,Sat May 14 2022,21:00,-0300,Fluminense RJ,2-1,1-0,Athletico Paranaense,2022-05-15T00:00Z
6,Sun May 15 2022,17:30,-0300,Coritiba PR,1-0,1-0,América MG,2022-05-15T20:30Z
6,Sun May 15 2022,18:00,-0300,Avaí SC,1-2,1-1,Juventude RS,2022-05-15T21:00Z
6,Sun May 15 2022,18:00,-0300,Botafogo RJ,3-1,1-1,Fortaleza CE,2022-05-15T21:00Z
6,Sun May 15 2022,19:00,-0300,Goiás GO,1-0,1-0,Santos FC,2022-05-15T22:00Z
6,Sun May 15 2022,16:00,-0300,São Paulo FC,2-1,0-1,Cuiabá MT,2022-05-15T19:00Z
7,Sat May 21 2022,19:00,-0300,Juventude RS,0-3,0-2,Palmeiras,2022-05-21T22:00Z
7,Sat May 21 2022,16:30,-0300,Atlético Goianiense,2-0,1-0,Coritiba PR,2022-05-21T19:30Z
7,Sat May 21 2022,16:30,-0300,Flamengo RJ,1-0,1-0,Goiás GO,2022-05-21T19:30Z
7,Sat May 21 2022,18:30,-0300,Santos FC,0-0,0-0,Ceará CE,2022-05-21T21:30Z
7,Sat May 21 2022,21:00,-0300,América MG,1-1,1-0,Botafogo RJ,2022-05-22T00:00Z
7,Sat May 21 2022,21:00,-0300,Cuiabá MT,1-1,0-0,Internacional,2022-05-22T00:00Z
7,Sun May 22 2022,19:00,-0300,Athletico Paranaense,2-1,2-0,Avaí SC,2022-05-22T22:00Z
7,Sun May 22 2022,16:00,-0300,Corinthians SP,1-1,0-1,São Paulo FC,2022-05-22T19:00Z
7,Sun May 22 2022,16:00,-0300,Fortaleza CE,0-1,0-1,Fluminense RJ,2022-05-22T19:00Z
8,Sat May 28 2022,16:30,-0300,Goiás GO,1-1,0-1,Red Bull Bragantino,2022-05-28T19:30Z
8,Sat May 28 2022,19:00,-0300,São Paulo FC,2-2,2-1,Ceará CE,2022-05-28T22:00Z
8,Sat May 28 2022,20:30,-0300,Fortaleza CE,1-1,0-0,Juventude RS,2022-05-28T23:30Z
8,Sun May 29 2022,16:00,-0300,Santos FC,0-1,0-0,Palmeiras,2022-05-29T19:00Z
8,Sun May 29 2022,16:00,-0300,Coritiba PR,1-0,1-0,Botafogo RJ,2022-05-29T19:00Z
8,Sun May 29 2022,19:00,-0300,Atlético Mineiro,2-1,0-1,Avaí SC,2022-05-29T22:00Z
8,Sun May 29 2022,18:00,-0300,Corinthians SP,1-1,0-0,América MG,2022-05-29T21:00Z
8,Sun May 29 2022,18:00,-0300,Cuiabá MT,0-1,0-0,Athletico Paranaense,2022-05-29T21:00Z
8,Sun May 29 2022,18:00,-0300,Fluminense RJ,1-2,1-1,Flamengo RJ,2022-05-29T21:00Z
8,Mon May 30 2022,20:00,-0300,Internacional,1-1,1-0,Atlético Goianiense,2022-05-30T23:00Z
3,Wed Jun 1 2022,20:30,-0300,Fortaleza CE,0-1,0-1,Ceará CE,2022-06-01T23:30Z
9,Sat Jun 4 2022,19:00,-0300,Athletico Paranaense,2-2,1-1,Santos FC,2022-06-04T22:00Z
9,Sat Jun 4 2022,19:00,-0300,Avaí SC,1-1,0-1,São Paulo FC,2022-06-04T22:00Z
9,Sat Jun 4 2022,19:00,-0300,Ceará CE,1-1,1-0,Coritiba PR,2022-06-04T22:00Z
9,Sat Jun 4 2022,20:30,-0300,Atlético Goianiense,0-1,0-1,Corinthians SP,2022-06-04T23:30Z
9,Sat Jun 4 2022,16:30,-0300,América MG,2-1,1-1,Cuiabá MT,2022-06-04T19:30Z
9,Sun Jun 5 2022,11:00,-0300,Juventude RS,1-0,1-0,Fluminense RJ,2022-06-05T14:00Z
9,Sun Jun 5 2022,16:00,-0300,Flamengo RJ,1-2,1-1,Fortaleza CE,2022-06-05T19:00Z
9,Sun Jun 5 2022,16:00,-0300,Palmeiras,0-0,0-0,Atlético Mineiro,2022-06-05T19:00Z
9,Sun Jun 5 2022,19:00,-0300,Red Bull Bragantino,0-2,0-0,Internacional,2022-06-05T22:00Z
9,Mon Jun 6 2022,20:00,-0300,Botafogo RJ,1-2,1-0,Goiás GO,2022-06-06T23:00Z
10,Tue Jun 7 2022,21:30,-0300,Cuiabá MT,1-0,1-0,Corinthians SP,2022-06-08T00:30Z
10,Wed Jun 8 2022,19:00,-0300,América MG,0-2,0-1,Ceará CE,2022-06-08T22:00Z
10,Wed Jun 8 2022,19:00,-0300,Juventude RS,1-3,1-1,Athletico Paranaense,2022-06-08T22:00Z
10,Wed Jun 8 2022,20:30,-0300,Atlético Goianiense,2-1,1-1,Avaí SC,2022-06-08T23:30Z
10,Wed Jun 8 2022,20:30,-0300,Red Bull Bragantino,1-0,1-0,Flamengo RJ,2022-06-08T23:30Z
10,Wed Jun 8 2022,21:30,-0300,Fluminense RJ,5-3,3-2,Atlético Mineiro,2022-06-09T00:30Z
10,Wed Jun 8 2022,21:30,-0300,Santos FC,1-1,0-0,Internacional,2022-06-09T00:30Z
10,Thu Jun 9 2022,20:00,-0300,Coritiba PR,1-1,0-1,São Paulo FC,2022-06-09T23:00Z
10,Thu Jun 9 2022,20:00,-0300,Fortaleza CE,1-1,1-0,Goiás GO,2022-06-09T23:00Z
10,Thu Jun 9 2022,19:00,-0300,Palmeiras,4-0,3-0,Botafogo RJ,2022-06-09T22:00Z
11,Sat Jun 11 2022,19:00,-0300,Atlético Mineiro,1-1,1-0,Santos FC,2022-06-11T22:00Z
11,Sat Jun 11 2022,19:00,-0300,Cuiabá MT,1-1,1-1,Red Bull Bragantino,2022-06-11T22:00Z
11,Sat Jun 11 2022,19:00,-0300,Fluminense RJ,0-2,0-2,Atlético Goianiense,2022-06-11T22:00Z
11,Sat Jun 11 2022,21:00,-0300,Internacional,3-1,2-0,Flamengo RJ,2022-06-12T00:00Z
11,Sat Jun 11 2022,16:30,-0300,Corinthians SP,2-0,1-0,Juventude RS,2022-06-11T19:30Z
11,Sun Jun 12 2022,16:00,-0300,Goiás GO,1-1,0-1,Ceará CE,2022-06-12T19:00Z
11,Sun Jun 12 2022,16:00,-0300,São Paulo FC,1-0,1-0,América MG,2022-06-12T19:00Z
11,Sun Jun 12 2022,18:00,-0300,Coritiba PR,0-2,0-1,Palmeiras,2022-06-12T21:00Z
11,Sun Jun 12 2022,19:00,-0300,Fortaleza CE,0-0,0-0,Athletico Paranaense,2022-06-12T22:00Z
11,Mon Jun 13 2022,19:00,-0300,Botafogo RJ,0-1,0-1,Avaí SC,2022-06-13T22:00Z
12,Tue Jun 14 2022,21:30,-0300,Juventude RS,1-2,1-0,Santos FC,2022-06-15T00:30Z
12,Wed Jun 15 2022,19:00,-0300,Ceará CE,0-0,0-0,Atlético Mineiro,2022-06-15T22:00Z
12,Wed Jun 15 2022,20:30,-0300,Flamengo RJ,2-0,1-0,Cuiabá MT,2022-06-15T23:30Z
12,Wed Jun 15 2022,20:30,-0300,Goiás GO,1-2,1-1,Internacional,2022-06-15T23:30Z
12,Wed Jun 15 2022,21:30,-0300,América MG,0-0,0-0,Fluminense RJ,2022-06-16T00:30Z
12,Wed Jun 15 2022,21:30,-0300,Athletico Paranaense,1-1,0-1,Corinthians SP,2022-06-16T00:30Z
12,Wed Jun 15 2022,19:00,-0300,Red Bull Bragantino,4-2,3-0,Coritiba PR,2022-06-15T22:00Z
12,Thu Jun 16 2022,16:00,-0300,Botafogo RJ,1-0,0-0,São Paulo FC,2022-06-16T19:00Z
12,Thu Jun 16 2022,18:00,-0300,Palmeiras,4-2,4-1,Atlético Goianiense,2022-06-16T21:00Z
12,Thu Jun 16 2022,19:00,-0300,Avaí SC,3-2,2-1,Fortaleza CE,2022-06-16T22:00Z
13,Sat Jun 18 2022,21:00,-0300,Santos FC,2-2,2-1,Red Bull Bragantino,2022-06-19T00:00Z
13,Sat Jun 18 2022,19:00,-0300,Cuiabá MT,0-0,0-0,Ceará CE,2022-06-18T22:00Z
13,Sun Jun 19 2022,16:00,-0300,Atlético Mineiro,2-0,1-0,Flamengo RJ,2022-06-19T19:00Z
13,Sun Jun 19 2022,16:00,-0300,Corinthians SP,1-0,1-0,Goiás GO,2022-06-19T19:00Z
13,Sun Jun 19 2022,16:00,-0300,Coritiba PR,0-1,0-0,Athletico Paranaense,2022-06-19T19:00Z
13,Sun Jun 19 2022,18:00,-0300,Atlético Goianiense,3-1,0-1,Juventude RS,2022-06-19T21:00Z
13,Sun Jun 19 2022,18:00,-0300,Fortaleza CE,1-0,1-0,América MG,2022-06-19T21:00Z
13,Sun Jun 19 2022,18:00,-0300,Internacional,2-3,2-1,Botafogo RJ,2022-06-19T21:00Z
13,Sun Jun 19 2022,19:00,-0300,Fluminense RJ,2-0,1-0,Avaí SC,2022-06-19T22:00Z
13,Mon Jun 20 2022,20:00,-0300,São Paulo FC,1-2,1-0,Palmeiras,2022-06-20T23:00Z
14,Fri Jun 24 2022,21:30,-0300,Internacional,3-0,2-0,Coritiba PR,2022-06-25T00:30Z
14,Sat Jun 25 2022,19:00,-0300,Corinthians SP,0-0,0-0,Santos FC,2022-06-25T22:00Z
14,Sat Jun 25 2022,19:00,-0300,Flamengo RJ,3-0,1-0,América MG,2022-06-25T22:00Z
14,Sat Jun 25 2022,21:00,-0300,Atlético Mineiro,3-2,0-2,Fortaleza CE,2022-06-26T00:00Z
14,Sat Jun 25 2022,16:30,-0300,Athletico Paranaense,4-2,3-0,Red Bull Bragantino,2022-06-25T19:30Z
14,Sun Jun 26 2022,16:00,-0300,Avaí SC,2-2,1-0,Palmeiras,2022-06-26T19:00Z
14,Sun Jun 26 2022,16:00,-0300,Botafogo RJ,0-1,0-0,Fluminense RJ,2022-06-26T19:00Z
14,Sun Jun 26 2022,18:00,-0300,Ceará CE,1-1,0-1,Atlético Goianiense,2022-06-26T21:00Z
14,Sun Jun 26 2022,18:00,-0300,Goiás GO,1-0,0-0,Cuiabá MT,2022-06-26T21:00Z
14,Sun Jun 26 2022,18:00,-0300,São Paulo FC,0-0,0-0,Juventude RS,2022-06-26T21:00Z
15,Sat Jul 2 2022,16:30,-0300,Fluminense RJ,4-0,2-0,Corinthians SP,2022-07-02T19:30Z
15,Sat Jul 2 2022,16:30,-0300,Juventude RS,1-2,0-1,Atlético Mineiro,2022-07-02T19:30Z
15,Sat Jul 2 2022,19:00,-0300,Ceará CE,1-1,1-1,Internacional,2022-07-02T22:00Z
15,Sat Jul 2 2022,19:00,-0300,Santos FC,1-2,0-1,Flamengo RJ,2022-07-02T22:00Z
15,Sat Jul 2 2022,21:00,-0300,Palmeiras,0-2,0-1,Athletico Paranaense,2022-07-03T00:00Z
15,Sun Jul 3 2022,16:00,-0300,Atlético Goianiense,1-2,1-1,São Paulo FC,2022-07-03T19:00Z
15,Sun Jul 3 2022,18:00,-0300,América MG,1-0,0-0,Goiás GO,2022-07-03T21:00Z
15,Sun Jul 3 2022,18:00,-0300,Coritiba PR,2-1,1-0,Fortaleza CE,2022-07-03T21:00Z
15,Sun Jul 3 2022,11:00,-0300,Avaí SC,1-2,1-0,Cuiabá MT,2022-07-03T14:00Z
15,Mon Jul 4 2022,20:00,-0300,Red Bull Bragantino,0-1,0-0,Botafogo RJ,2022-07-04T23:00Z
16,Sat Jul 9 2022,19:00,-0300,Fluminense RJ,2-1,1-0,Ceará CE,2022-07-09T22:00Z
16,Sat Jul 9 2022,20:30,-0300,Goiás GO,2-1,2-0,Athletico Paranaense,2022-07-09T23:30Z
16,Sat Jul 9 2022,16:30,-0300,Red Bull Bragantino,4-0,0-0,Avaí SC,2022-07-09T19:30Z
16,Sun Jul 10 2022,11:00,-0300,Coritiba PR,2-2,0-2,Juventude RS,2022-07-10T14:00Z
16,Sun Jul 10 2022,16:00,-0300,Corinthians SP,1-0,0-0,Flamengo RJ,2022-07-10T19:00Z
16,Sun Jul 10 2022,18:00,-0300,Atlético Mineiro,0-0,0-0,São Paulo FC,2022-07-10T21:00Z
16,Sun Jul 10 2022,18:00,-0300,Fortaleza CE,0-0,0-0,Palmeiras,2022-07-10T21:00Z
16,Sun Jul 10 2022,18:00,-0300,Santos FC,1-0,0-0,Atlético Goianiense,2022-07-10T21:00Z
16,Sun Jul 10 2022,19:00,-0300,Cuiabá MT,2-0,1-0,Botafogo RJ,2022-07-10T22:00Z
16,Mon Jul 11 2022,20:00,-0300,Internacional,1-0,0-0,América MG,2022-07-11T23:00Z
17,Sat Jul 16 2022,19:00,-0300,Avaí SC,1-0,1-0,Santos FC,2022-07-16T22:00Z
17,Sat Jul 16 2022,19:00,-0300,Flamengo RJ,2-0,2-0,Coritiba PR,2022-07-16T22:00Z
17,Sat Jul 16 2022,21:00,-0300,Ceará CE,3-1,2-1,Corinthians SP,2022-07-17T00:00Z
17,Sat Jul 16 2022,16:30,-0300,Athletico Paranaense,0-0,0-0,Internacional,2022-07-16T19:30Z
17,Sun Jul 17 2022,11:00,-0300,Juventude RS,0-0,0-0,Goiás GO,2022-07-17T14:00Z
17,Sun Jul 17 2022,16:00,-0300,São Paulo FC,2-2,2-1,Fluminense RJ,2022-07-17T19:00Z
17,Sun Jul 17 2022,18:00,-0300,Atlético Goianiense,0-1,0-0,Fortaleza CE,2022-07-17T21:00Z
17,Sun Jul 17 2022,18:00,-0300,Botafogo RJ,0-1,0-0,Atlético Mineiro,2022-07-17T21:00Z
17,Sun Jul 17 2022,19:00,-0300,América MG,0-3,0-3,Red Bull Bragantino,2022-07-17T22:00Z
17,Mon Jul 18 2022,20:00,-0300,Palmeiras,1-0,0-0,Cuiabá MT,2022-07-18T23:00Z
18,Tue Jul 19 2022,21:30,-0300,Ceará CE,1-0,1-0,Avaí SC,2022-07-20T00:30Z
18,Wed Jul 20 2022,19:00,-0300,Red Bull Bragantino,2-1,1-0,Fortaleza CE,2022-07-20T22:00Z
18,Wed Jul 20 2022,19:00,-0300,Goiás GO,2-3,1-1,Fluminense RJ,2022-07-20T22:00Z
18,Wed Jul 20 2022,19:30,-0300,Athletico Paranaense,4-1,2-0,Atlético Goianiense,2022-07-20T22:30Z
18,Wed Jul 20 2022,20:30,-0300,Flamengo RJ,4-0,3-0,Juventude RS,2022-07-20T23:30Z
18,Wed Jul 20 2022,20:30,-0300,Internacional,3-3,3-2,São Paulo FC,2022-07-20T23:30Z
18,Wed Jul 20 2022,21:30,-0300,Corinthians SP,3-1,1-0,Coritiba PR,2022-07-21T00:30Z
18,Wed Jul 20 2022,21:30,-0300,Santos FC,2-0,1-0,Botafogo RJ,2022-07-21T00:30Z
18,Thu Jul 21 2022,19:00,-0300,Cuiabá MT,1-1,0-0,Atlético Mineiro,2022-07-21T22:00Z
18,Thu Jul 21 2022,20:00,-0300,América MG,0-1,0-0,Palmeiras,2022-07-21T23:00Z
19,Sat Jul 23 2022,21:00,-0300,Botafogo RJ,2-0,1-0,Athletico Paranaense,2022-07-24T00:00Z
19,Sat Jul 23 2022,19:00,-0300,São Paulo FC,3-3,2-2,Goiás GO,2022-07-23T22:00Z
19,Sun Jul 24 2022,11:00,-0300,Avaí SC,1-2,0-0,Flamengo RJ,2022-07-24T14:00Z
19,Sun Jul 24 2022,16:00,-0300,Fluminense RJ,2-1,0-0,Red Bull Bragantino,2022-07-24T19:00Z
19,Sun Jul 24 2022,16:00,-0300,Juventude RS,1-0,0-0,Ceará CE,2022-07-24T19:00Z
19,Sun Jul 24 2022,16:00,-0300,Palmeiras,2-1,1-0,Internacional,2022-07-24T19:00Z
19,Sun Jul 24 2022,18:00,-0300,Atlético Goianiense,0-1,0-1,América MG,2022-07-24T21:00Z
19,Sun Jul 24 2022,18:00,-0300,Atlético Mineiro,1-2,1-0,Corinthians SP,2022-07-24T21:00Z
19,Sun Jul 24 2022,19:00,-0300,Fortaleza CE,0-0,0-0,Santos FC,2022-07-24T22:00Z
19,Mon Jul 25 2022,20:00,-0300,Coritiba PR,1-0,1-0,Cuiabá MT,2022-07-25T23:00Z
20,Sat Jul 30 2022,16:30,-0300,Ceará CE,1-2,0-2,Palmeiras,2022-07-30T19:30Z
20,Sat Jul 30 2022,16:30,-0300,Goiás GO,1-0,0-0,Coritiba PR,2022-07-30T19:30Z
20,Sat Jul 30 2022,19:00,-0300,Corinthians SP,1-0,1-0,Botafogo RJ,2022-07-30T22:00Z
20,Sat Jul 30 2022,20:30,-0300,Flamengo RJ,4-1,4-0,Atlético Goianiense,2022-07-30T23:30Z
20,Sun Jul 31 2022,16:00,-0300,Internacional,3-0,3-0,Atlético Mineiro,2022-07-31T19:00Z
20,Sun Jul 31 2022,18:00,-0300,América MG,3-1,1-1,Avaí SC,2022-07-31T21:00Z
20,Sun Jul 31 2022,18:00,-0300,Cuiabá MT,0-1,0-1,Fortaleza CE,2022-07-31T21:00Z
20,Sun Jul 31 2022,19:00,-0300,Red Bull Bragantino,1-0,1-0,Juventude RS,2022-07-31T22:00Z
20,Sun Jul 31 2022,16:00,-0300,Athletico Paranaense,1-0,0-0,São Paulo FC,2022-07-31T19:00Z
20,Mon Aug 1 2022,20:00,-0300,Santos FC,2-2,1-0,Fluminense RJ,2022-08-01T23:00Z
21,Sat Aug 6 2022,16:30,-0300,Botafogo RJ,1-1,1-0,Ceará CE,2022-08-06T19:30Z
21,Sat Aug 6 2022,16:30,-0300,Juventude RS,0-1,0-1,América MG,2022-08-06T19:30Z
21,Sat Aug 6 2022,19:00,-0300,Atlético Goianiense,2-1,0-0,Red Bull Bragantino,2022-08-06T22:00Z
21,Sat Aug 6 2022,19:00,-0300,Avaí SC,1-1,1-0,Corinthians SP,2022-08-06T22:00Z
21,Sat Aug 6 2022,20:30,-0300,São Paulo FC,0-2,0-1,Flamengo RJ,2022-08-06T23:30Z
21,Sun Aug 7 2022,16:00,-0300,Palmeiras,3-0,2-0,Goiás GO,2022-08-07T19:00Z
21,Sun Aug 7 2022,18:00,-0300,Fortaleza CE,3-0,1-0,Internacional,2022-08-07T21:00Z
21,Sun Aug 7 2022,19:00,-0300,Atlético Mineiro,2-3,1-0,Athletico Paranaense,2022-08-07T22:00Z
21,Sun Aug 7 2022,16:00,-0300,Fluminense RJ,1-0,1-0,Cuiabá MT,2022-08-07T19:00Z
21,Mon Aug 8 2022,20:00,-0300,Coritiba PR,1-2,0-0,Santos FC,2022-08-08T23:00Z
22,Sat Aug 13 2022,19:00,-0300,Corinthians SP,0-1,0-0,Palmeiras,2022-08-13T22:00Z
22,Sat Aug 13 2022,20:30,-0300,Cuiabá MT,1-0,1-0,Juventude RS,2022-08-13T23:30Z
22,Sat Aug 13 2022,21:00,-0300,Botafogo RJ,0-0,0-0,Atlético Goianiense,2022-08-14T00:00Z
22,Sat Aug 13 2022,16:30,-0300,Goiás GO,1-1,0-1,Avaí SC,2022-08-13T19:30Z
22,Sun Aug 14 2022,11:00,-0300,Coritiba PR,0-1,0-0,Atlético Mineiro,2022-08-14T14:00Z
22,Sun Aug 14 2022,16:00,-0300,Ceará CE,0-1,0-1,Fortaleza CE,2022-08-14T19:00Z
22,Sun Aug 14 2022,16:00,-0300,Flamengo RJ,5-0,0-0,Athletico Paranaense,2022-08-14T19:00Z
22,Sun Aug 14 2022,16:00,-0300,São Paulo FC,3-0,1-0,Red Bull Bragantino,2022-08-14T19:00Z
22,Sun Aug 14 2022,18:00,-0300,América MG,1-0,1-0,Santos FC,2022-08-14T21:00Z
22,Sun Aug 14 2022,19:00,-0300,Internacional,3-0,1-0,Fluminense RJ,2022-08-14T22:00Z
23,Sat Aug 20 2022,19:00,-0300,Fluminense RJ,5-2,2-0,Coritiba PR,2022-08-20T22:00Z
23,Sat Aug 20 2022,16:30,-0300,Atlético Mineiro,0-1,0-0,Goiás GO,2022-08-20T19:30Z
23,Sun Aug 21 2022,11:00,-0300,Juventude RS,2-2,1-0,Botafogo RJ,2022-08-21T14:00Z
23,Sun Aug 21 2022,16:00,-0300,Palmeiras,1-1,0-1,Flamengo RJ,2022-08-21T19:00Z
23,Sun Aug 21 2022,18:00,-0300,Athletico Paranaense,1-1,1-0,América MG,2022-08-21T21:00Z
23,Sun Aug 21 2022,18:00,-0300,Atlético Goianiense,1-1,1-0,Cuiabá MT,2022-08-21T21:00Z
23,Sun Aug 21 2022,18:00,-0300,Red Bull Bragantino,1-1,0-0,Ceará CE,2022-08-21T21:00Z
23,Sun Aug 21 2022,18:00,-0300,Fortaleza CE,1-0,0-0,Corinthians SP,2022-08-21T21:00Z
23,Sun Aug 21 2022,19:00,-0300,Santos FC,1-0,1-0,São Paulo FC,2022-08-21T22:00Z
23,Mon Aug 22 2022,20:00,-0300,Avaí SC,0-1,0-0,Internacional,2022-08-22T23:00Z
24,Sat Aug 27 2022,16:30,-0300,Goiás GO,2-1,1-0,Atlético Goianiense,2022-08-27T19:30Z
24,Sat Aug 27 2022,19:00,-0300,Fluminense RJ,1-1,1-1,Palmeiras,2022-08-27T22:00Z
24,Sat Aug 27 2022,21:00,-0300,Ceará CE,0-0,0-0,Athletico Paranaense,2022-08-28T00:00Z
24,Sat Aug 27 2022,16:30,-0300,Coritiba PR,1-0,0-0,Avaí SC,2022-08-27T19:30Z
24,Sun Aug 28 2022,16:00,-0300,América MG,1-1,1-1,Atlético Mineiro,2022-08-28T19:00Z
24,Sun Aug 28 2022,16:00,-0300,São Paulo FC,0-1,0-1,Fortaleza CE,2022-08-28T19:00Z
24,Sun Aug 28 2022,18:00,-0300,Botafogo RJ,0-1,0-0,Flamengo RJ,2022-08-28T21:00Z
24,Sun Aug 28 2022,18:00,-0300,Cuiabá MT,0-0,0-0,Santos FC,2022-08-28T21:00Z
24,Mon Aug 29 2022,21:30,-0300,Corinthians SP,1-0,1-0,Red Bull Bragantino,2022-08-30T00:30Z
24,Mon Aug 29 2022,20:00,-0300,Internacional,4-0,2-0,Juventude RS,2022-08-29T23:00Z
25,Sat Sep 3 2022,19:00,-0300,Athletico Paranaense,1-0,1-0,Fluminense RJ,2022-09-03T22:00Z
25,Sat Sep 3 2022,19:00,-0300,Red Bull Bragantino,2-2,2-1,Palmeiras,2022-09-03T22:00Z
25,Sat Sep 3 2022,20:30,-0300,América MG,2-0,1-0,Coritiba PR,2022-09-03T23:30Z
25,Sat Sep 3 2022,16:30,-0300,Juventude RS,1-1,0-0,Avaí SC,2022-09-03T19:30Z
25,Sun Sep 4 2022,11:00,-0300,Flamengo RJ,1-1,0-1,Ceará CE,2022-09-04T14:00Z
25,Sun Sep 4 2022,16:00,-0300,Corinthians SP,2-2,2-1,Internacional,2022-09-04T19:00Z
25,Sun Sep 4 2022,16:00,-0300,Fortaleza CE,1-3,0-2,Botafogo RJ,2022-09-04T19:00Z
25,Sun Sep 4 2022,18:00,-0300,Atlético Goianiense,0-2,0-1,Atlético Mineiro,2022-09-04T21:00Z
25,Sun Sep 4 2022,19:00,-0300,Cuiabá MT,1-1,1-0,São Paulo FC,2022-09-04T22:00Z
25,Mon Sep 5 2022,20:00,-0300,Santos FC,1-2,0-1,Goiás GO,2022-09-05T23:00Z
26,Wed Sep 7 2022,17:00,-0300,Atlético Mineiro,1-1,1-1,Red Bull Bragantino,2022-09-07T20:00Z
26,Sat Sep 10 2022,16:30,-0300,Internacional,1-0,0-0,Cuiabá MT,2022-09-10T19:30Z
26,Sat Sep 10 2022,19:00,-0300,Fluminense RJ,2-1,1-0,Fortaleza CE,2022-09-10T22:00Z
26,Sat Sep 10 2022,21:00,-0300,Palmeiras,2-1,0-0,Juventude RS,2022-09-11T00:00Z
26,Sat Sep 10 2022,16:30,-0300,Ceará CE,2-1,2-0,Santos FC,2022-09-10T19:30Z
26,Sun Sep 11 2022,11:00,-0300,Avaí SC,1-1,1-0,Athletico Paranaense,2022-09-11T14:00Z
26,Sun Sep 11 2022,11:00,-0300,Botafogo RJ,0-0,0-0,América MG,2022-09-11T14:00Z
26,Sun Sep 11 2022,16:00,-0300,Coritiba PR,2-0,1-0,Atlético Goianiense,2022-09-11T19:00Z
26,Sun Sep 11 2022,16:00,-0300,São Paulo FC,1-1,1-1,Corinthians SP,2022-09-11T19:00Z
26,Sun Sep 11 2022,19:00,-0300,Goiás GO,1-1,0-0,Flamengo RJ,2022-09-11T22:00Z
27,Sat Sep 17 2022,19:00,-0300,Botafogo RJ,2-0,0-0,Coritiba PR,2022-09-17T22:00Z
27,Sat Sep 17 2022,16:30,-0300,Avaí SC,1-0,0-0,Atlético Mineiro,2022-09-17T19:30Z
27,Sun Sep 18 2022,11:00,-0300,Red Bull Bragantino,1-1,1-0,Goiás GO,2022-09-18T14:00Z
27,Sun Sep 18 2022,16:00,-0300,Ceará CE,0-2,0-1,São Paulo FC,2022-09-18T19:00Z
27,Sun Sep 18 2022,16:00,-0300,Flamengo RJ,1-2,0-1,Fluminense RJ,2022-09-18T19:00Z
27,Sun Sep 18 2022,18:00,-0300,América MG,1-0,0-0,Corinthians SP,2022-09-18T21:00Z
27,Sun Sep 18 2022,18:00,-0300,Juventude RS,1-1,0-1,Fortaleza CE,2022-09-18T21:00Z
27,Sun Sep 18 2022,18:30,-0300,Palmeiras,1-0,0-0,Santos FC,2022-09-18T21:30Z
27,Sun Sep 18 2022,19:00,-0300,Athletico Paranaense,2-2,2-1,Cuiabá MT,2022-09-18T22:00Z
27,Mon Sep 19 2022,20:00,-0300,Atlético Goianiense,1-2,0-2,Internacional,2022-09-19T23:00Z
28,Sun Sep 25 2022,20:00,-0300,São Paulo FC,4-0,3-0,Avaí SC,2022-09-25T23:00Z
28,Tue Sep 27 2022,21:00,-0300,Santos FC,2-0,1-0,Athletico Paranaense,2022-09-28T00:00Z
28,Wed Sep 28 2022,19:00,-0300,Corinthians SP,2-1,1-1,Atlético Goianiense,2022-09-28T22:00Z
28,Wed Sep 28 2022,19:00,-0300,Coritiba PR,1-0,1-0,Ceará CE,2022-09-28T22:00Z
28,Wed Sep 28 2022,19:00,-0300,Fluminense RJ,4-0,2-0,Juventude RS,2022-09-28T22:00Z
28,Wed Sep 28 2022,19:00,-0300,Fortaleza CE,3-2,1-2,Flamengo RJ,2022-09-28T22:00Z
28,Wed Sep 28 2022,21:00,-0300,Cuiabá MT,2-1,1-0,América MG,2022-09-29T00:00Z
28,Wed Sep 28 2022,21:45,-0300,Atlético Mineiro,0-1,0-0,Palmeiras,2022-09-29T00:45Z
28,Wed Sep 28 2022,21:45,-0300,Goiás GO,0-1,0-0,Botafogo RJ,2022-09-29T00:45Z
28,Wed Sep 28 2022,21:45,-0300,Internacional,0-0,0-0,Red Bull Bragantino,2022-09-29T00:45Z
29,Sat Oct 1 2022,15:00,-0300,Atlético Mineiro,2-0,1-0,Fluminense RJ,2022-10-01T18:00Z
29,Sat Oct 1 2022,15:00,-0300,Ceará CE,1-2,0-1,América MG,2022-10-01T18:00Z
29,Sat Oct 1 2022,15:00,-0300,Internacional,1-0,1-0,Santos FC,2022-10-01T18:00Z
29,Sat Oct 1 2022,19:00,-0300,Athletico Paranaense,2-0,1-0,Juventude RS,2022-10-01T22:00Z
29,Sat Oct 1 2022,19:00,-0300,Avaí SC,1-2,0-1,Atlético Goianiense,2022-10-01T22:00Z
29,Sat Oct 1 2022,19:00,-0300,Flamengo RJ,4-1,1-0,Red Bull Bragantino,2022-10-01T22:00Z
29,Sat Oct 1 2022,19:00,-0300,Goiás GO,0-1,0-1,Fortaleza CE,2022-10-01T22:00Z
29,Sat Oct 1 2022,21:00,-0300,Corinthians SP,2-0,2-0,Cuiabá MT,2022-10-02T00:00Z
29,Mon Oct 3 2022,20:00,-0300,Botafogo RJ,1-3,1-2,Palmeiras,2022-10-03T23:00Z
30,Tue Oct 4 2022,21:30,-0300,Juventude RS,2-2,0-1,Corinthians SP,2022-10-05T00:30Z
30,Wed Oct 5 2022,21:30,-0300,Flamengo RJ,0-0,0-0,Internacional,2022-10-06T00:30Z
30,Wed Oct 5 2022,19:00,-0300,Atlético Goianiense,3-2,1-2,Fluminense RJ,2022-10-05T22:00Z
30,Wed Oct 5 2022,19:00,-0300,Red Bull Bragantino,2-1,1-1,Cuiabá MT,2022-10-05T22:00Z
30,Wed Oct 5 2022,19:00,-0300,Ceará CE,1-1,0-0,Goiás GO,2022-10-05T22:00Z
30,Wed Oct 5 2022,19:30,-0300,Athletico Paranaense,1-1,0-1,Fortaleza CE,2022-10-05T22:30Z
30,Wed Oct 5 2022,21:30,-0300,Santos FC,1-2,0-0,Atlético Mineiro,2022-10-06T00:30Z
30,Thu Oct 6 2022,20:00,-0300,Avaí SC,1-2,1-0,Botafogo RJ,2022-10-06T23:00Z
30,Thu Oct 6 2022,19:00,-0300,Palmeiras,4-0,2-0,Coritiba PR,2022-10-06T22:00Z
30,Thu Oct 6 2022,20:00,-0300,América MG,1-2,1-1,São Paulo FC,2022-10-06T23:00Z
31,Sat Oct 8 2022,19:00,-0300,Cuiabá MT,1-2,0-0,Flamengo RJ,2022-10-08T22:00Z
31,Sat Oct 8 2022,21:00,-0300,Corinthians SP,2-1,2-0,Athletico Paranaense,2022-10-09T00:00Z
31,Sun Oct 9 2022,16:00,-0300,São Paulo FC,0-1,0-0,Botafogo RJ,2022-10-09T19:00Z
31,Sun Oct 9 2022,11:00,-0300,Internacional,4-2,2-2,Goiás GO,2022-10-09T14:00Z
31,Sun Oct 9 2022,16:00,-0300,Fortaleza CE,2-0,0-0,Avaí SC,2022-10-09T19:00Z
31,Sun Oct 9 2022,18:00,-0300,Coritiba PR,2-1,1-1,Red Bull Bragantino,2022-10-09T21:00Z
31,Sun Oct 9 2022,18:00,-0300,Atlético Mineiro,0-0,0-0,Ceará CE,2022-10-09T21:00Z
31,Sun Oct 9 2022,18:00,-0300,Fluminense RJ,0-2,0-2,América MG,2022-10-09T21:00Z
31,Mon Oct 10 2022,20:00,-0300,Santos FC,4-1,1-0,Juventude RS,2022-10-10T23:00Z
31,Mon Oct 10 2022,18:30,-0300,Atlético Goianiense,1-1,0-0,Palmeiras,2022-10-10T21:30Z
32,Sat Oct 15 2022,20:30,-0300,Flamengo RJ,1-0,1-0,Atlético Mineiro,2022-10-15T23:30Z
32,Sat Oct 15 2022,20:30,-0300,América MG,1-2,0-1,Fortaleza CE,2022-10-15T23:30Z
32,Sun Oct 16 2022,16:00,-0300,Ceará CE,1-1,0-0,Cuiabá MT,2022-10-16T19:00Z
32,Sun Oct 16 2022,16:00,-0300,Palmeiras,0-0,0-0,São Paulo FC,2022-10-16T19:00Z
32,Sun Oct 16 2022,18:00,-0300,Botafogo RJ,0-1,0-0,Internacional,2022-10-16T21:00Z
32,Sun Oct 16 2022,18:00,-0300,Juventude RS,1-1,0-0,Atlético Goianiense,2022-10-16T21:00Z
32,Sun Oct 16 2022,19:00,-0300,Athletico Paranaense,1-0,0-0,Coritiba PR,2022-10-16T22:00Z
32,Sun Oct 16 2022,19:00,-0300,Avaí SC,0-3,0-2,Fluminense RJ,2022-10-16T22:00Z
32,Mon Oct 17 2022,20:00,-0300,Red Bull Bragantino,0-2,0-0,Santos FC,2022-10-17T23:00Z
29,Thu Oct 20 2022,20:00,-0300,São Paulo FC,3-1,1-0,Coritiba PR,2022-10-20T23:00Z
33,Sat Oct 22 2022,21:00,-0300,Palmeiras,3-0,1-0,Avaí SC,2022-10-23T00:00Z
33,Sat Oct 22 2022,16:30,-0300,Red Bull Bragantino,4-2,3-0,Athletico Paranaense,2022-10-22T19:30Z
33,Sat Oct 22 2022,19:00,-0300,América MG,1-2,1-2,Flamengo RJ,2022-10-22T22:00Z
33,Sat Oct 22 2022,19:00,-0300,Santos FC,0-1,0-0,Corinthians SP,2022-10-22T22:00Z
33,Sun Oct 23 2022,16:00,-0300,Fluminense RJ,2-2,0-1,Botafogo RJ,2022-10-23T19:00Z
33,Sun Oct 23 2022,16:00,-0300,Juventude RS,1-2,1-1,São Paulo FC,2022-10-23T19:00Z
33,Sun Oct 23 2022,18:00,-0300,Atlético Goianiense,1-0,1-0,Ceará CE,2022-10-23T21:00Z
33,Sun Oct 23 2022,18:00,-0300,Cuiabá MT,1-2,0-2,Goiás GO,2022-10-23T21:00Z
33,Sun Oct 23 2022,18:00,-0300,Coritiba PR,1-1,1-0,Internacional,2022-10-23T21:00Z
33,Mon Oct 24 2022,20:00,-0300,Fortaleza CE,0-0,0-0,Atlético Mineiro,2022-10-24T23:00Z
34,Tue Oct 25 2022,21:45,-0300,Flamengo RJ,3-2,1-0,Santos FC,2022-10-26T00:45Z
34,Tue Oct 25 2022,21:45,-0300,Athletico Paranaense,1-3,1-0,Palmeiras,2022-10-26T00:45Z
34,Wed Oct 26 2022,21:45,-0300,Internacional,2-1,0-1,Ceará CE,2022-10-27T00:45Z
34,Wed Oct 26 2022,19:30,-0300,Botafogo RJ,2-1,1-0,Red Bull Bragantino,2022-10-26T22:30Z
34,Wed Oct 26 2022,21:45,-0300,Corinthians SP,0-2,0-1,Fluminense RJ,2022-10-27T00:45Z
34,Wed Oct 26 2022,21:45,-0300,Goiás GO,2-2,0-0,América MG,2022-10-27T00:45Z
34,Thu Oct 27 2022,19:00,-0300,Fortaleza CE,3-1,1-0,Coritiba PR,2022-10-27T22:00Z
34,Thu Oct 27 2022,19:00,-0300,São Paulo FC,2-1,1-0,Atlético Goianiense,2022-10-27T22:00Z
34,Thu Oct 27 2022,19:30,-0300,Atlético Mineiro,1-0,1-0,Juventude RS,2022-10-27T22:30Z
34,Thu Oct 27 2022,20:00,-0300,Cuiabá MT,1-0,0-0,Avaí SC,2022-10-27T23:00Z
32,Sat Oct 29 2022,19:30,-0300,Goiás GO,0-0,0-0,Corinthians SP,2022-10-29T22:30Z
35,Mon Oct 31 2022,20:00,-0300,Ceará CE,0-1,0-0,Fluminense RJ,2022-10-31T23:00Z
35,Tue Nov 1 2022,21:30,-0300,São Paulo FC,2-2,2-1,Atlético Mineiro,2022-11-02T00:30Z
35,Tue Nov 1 2022,19:00,-0300,Botafogo RJ,0-2,0-1,Cuiabá MT,2022-11-01T22:00Z
35,Wed Nov 2 2022,16:00,-0300,América MG,1-0,0-0,Internacional,2022-11-02T19:00Z
35,Wed Nov 2 2022,16:00,-0300,Athletico Paranaense,3-2,3-1,Goiás GO,2022-11-02T19:00Z
35,Wed Nov 2 2022,19:00,-0300,Atlético Goianiense,2-3,2-1,Santos FC,2022-11-02T22:00Z
35,Wed Nov 2 2022,19:00,-0300,Avaí SC,1-2,0-0,Red Bull Bragantino,2022-11-02T22:00Z
35,Wed Nov 2 2022,19:00,-0300,Juventude RS,0-1,0-0,Coritiba PR,2022-11-02T22:00Z
35,Wed Nov 2 2022,21:30,-0300,Flamengo RJ,1-2,0-1,Corinthians SP,2022-11-03T00:30Z
35,Wed Nov 2 2022,21:30,-0300,Palmeiras,4-0,2-0,Fortaleza CE,2022-11-03T00:30Z
36,Sat Nov 5 2022,16:30,-0300,Santos FC,1-1,1-0,Avaí SC,2022-11-05T19:30Z
36,Sat Nov 5 2022,19:00,-0300,Red Bull Bragantino,1-4,1-3,América MG,2022-11-05T22:00Z
36,Sat Nov 5 2022,19:00,-0300,Goiás GO,1-0,0-0,Juventude RS,2022-11-05T22:00Z
36,Sat Nov 5 2022,20:30,-0300,Corinthians SP,1-0,0-0,Ceará CE,2022-11-05T23:30Z
36,Sat Nov 5 2022,21:00,-0300,Internacional,2-0,0-0,Athletico Paranaense,2022-11-06T00:00Z
36,Sat Nov 5 2022,16:30,-0300,Fluminense RJ,3-1,0-1,São Paulo FC,2022-11-05T19:30Z
36,Sun Nov 6 2022,16:00,-0300,Coritiba PR,1-0,0-0,Flamengo RJ,2022-11-06T19:00Z
36,Sun Nov 6 2022,16:00,-0300,Fortaleza CE,1-1,0-1,Atlético Goianiense,2022-11-06T19:00Z
36,Sun Nov 6 2022,18:30,-0300,Cuiabá MT,1-1,1-0,Palmeiras,2022-11-06T21:30Z
36,Mon Nov 7 2022,20:00,-0300,Atlético Mineiro,0-2,0-0,Botafogo RJ,2022-11-07T23:00Z
37,Tue Nov 8 2022,21:30,-0300,São Paulo FC,0-1,0-1,Internacional,2022-11-09T00:30Z
37,Wed Nov 9 2022,19:00,-0300,Avaí SC,2-0,0-0,Ceará CE,2022-11-09T22:00Z
37,Wed Nov 9 2022,19:00,-0300,Coritiba PR,2-2,2-1,Corinthians SP,2022-11-09T22:00Z
37,Wed Nov 9 2022,19:00,-0300,Fluminense RJ,3-0,0-0,Goiás GO,2022-11-09T22:00Z
37,Wed Nov 9 2022,20:30,-0300,Fortaleza CE,6-0,4-0,Red Bull Bragantino,2022-11-09T23:30Z
37,Wed Nov 9 2022,21:30,-0300,Atlético Goianiense,1-1,0-0,Athletico Paranaense,2022-11-10T00:30Z
37,Wed Nov 9 2022,21:30,-0300,Juventude RS,2-2,2-1,Flamengo RJ,2022-11-10T00:30Z
37,Wed Nov 9 2022,21:30,-0300,Palmeiras,2-1,1-1,América MG,2022-11-10T00:30Z
37,Thu Nov 10 2022,20:00,-0300,Atlético Mineiro,3-0,2-0,Cuiabá MT,2022-11-10T23:00Z
37,Thu Nov 10 2022,20:00,-0300,Botafogo RJ,3-0,1-0,Santos FC,2022-11-10T23:00Z
38,Sat Nov 12 2022,16:00,-0300,Flamengo RJ,1-2,1-1,Avaí SC,2022-11-12T19:00Z
38,Sun Nov 13 2022,16:00,-0300,América MG,1-1,1-1,Atlético Goianiense,2022-11-13T19:00Z
38,Sun Nov 13 2022,16:00,-0300,Athletico Paranaense,3-0,0-0,Botafogo RJ,2022-11-13T19:00Z
38,Sun Nov 13 2022,16:00,-0300,Red Bull Bragantino,0-1,0-1,Fluminense RJ,2022-11-13T19:00Z
38,Sun Nov 13 2022,16:00,-0300,Ceará CE,4-1,2-0,Juventude RS,2022-11-13T19:00Z
38,Sun Nov 13 2022,16:00,-0300,Corinthians SP,0-1,0-1,Atlético Mineiro,2022-11-13T19:00Z
38,Sun Nov 13 2022,16:00,-0300,Cuiabá MT,2-1,2-0,Coritiba PR,2022-11-13T19:00Z
38,Sun Nov 13 2022,16:00,-0300,Goiás GO,0-4,0-1,São Paulo FC,2022-11-13T19:00Z
38,Sun Nov 13 2022,16:00,-0300,Internacional,3-0,2-0,Palmeiras,2022-11-13T19:00Z
38,Sun Nov 13 2022,16:00,-0300,Santos FC,0-2,0-0,Fortaleza CE,2022-11-13T19:00Z
