Round,Date,Time,Timezone,Team 1,FT,HT,Team 2,UTC
1,Fri Aug 5 2022,20:30,CEST/+0200,Eintracht Frankfurt,1-6,0-5,Bayern München,2022-08-05T18:30Z
1,Sat Aug 6 2022,15:30,CEST/+0200,1. FC Union Berlin,3-1,1-0,Hertha BSC,2022-08-06T13:30Z
1,Sat Aug 6 2022,15:30,CEST/+0200,Bor. Mönchengladbach,3-1,1-1,1899 Hoffenheim,2022-08-06T13:30Z
1,Sat Aug 6 2022,15:30,CEST/+0200,VfL Wolfsburg,2-2,1-2,Werder Bremen,2022-08-06T13:30Z
1,Sat Aug 6 2022,15:30,CEST/+0200,VfL Bochum,1-2,1-1,1. FSV Mainz 05,2022-08-06T13:30Z
1,Sat Aug 6 2022,15:30,CEST/+0200,FC Augsburg,0-4,0-0,SC Freiburg,2022-08-06T13:30Z
1,Sat Aug 6 2022,18:30,CEST/+0200,Borussia Dortmund,1-0,1-0,Bayer Leverkusen,2022-08-06T16:30Z
1,Sun Aug 7 2022,17:30,CEST/+0200,1. FC Köln,3-1,0-0,FC Schalke 04,2022-08-07T15:30Z
1,Sun Aug 7 2022,15:30,CEST/+0200,VfB Stuttgart,1-1,1-1,RB Leipzig,2022-08-07T13:30Z
2,Fri Aug 12 2022,20:30,CEST/+0200,SC Freiburg,1-3,1-0,Borussia Dortmund,2022-08-12T18:30Z
2,Sat Aug 13 2022,15:30,CEST/+0200,RB Leipzig,2-2,1-1,1. FC Köln,2022-08-13T13:30Z
2,Sat Aug 13 2022,15:30,CEST/+0200,1899 Hoffenheim,3-2,2-2,VfL Bochum,2022-08-13T13:30Z
2,Sat Aug 13 2022,15:30,CEST/+0200,Hertha BSC,1-1,1-0,Eintracht Frankfurt,2022-08-13T13:30Z
2,Sat Aug 13 2022,15:30,CEST/+0200,Werder Bremen,2-2,1-1,VfB Stuttgart,2022-08-13T13:30Z
2,Sat Aug 13 2022,18:30,CEST/+0200,FC Schalke 04,2-2,1-0,Bor. Mönchengladbach,2022-08-13T16:30Z
2,Sat Aug 13 2022,15:30,CEST/+0200,Bayer Leverkusen,1-2,1-1,FC Augsburg,2022-08-13T13:30Z
2,Sun Aug 14 2022,17:30,CEST/+0200,Bayern München,2-0,2-0,VfL Wolfsburg,2022-08-14T15:30Z
2,Sun Aug 14 2022,15:30,CEST/+0200,1. FSV Mainz 05,0-0,0-0,1. FC Union Berlin,2022-08-14T13:30Z
3,Fri Aug 19 2022,20:30,CEST/+0200,Bor. Mönchengladbach,1-0,1-0,Hertha BSC,2022-08-19T18:30Z
3,Sat Aug 20 2022,15:30,CEST/+0200,Bayer Leverkusen,0-3,0-2,1899 Hoffenheim,2022-08-20T13:30Z
3,Sat Aug 20 2022,15:30,CEST/+0200,VfL Wolfsburg,0-0,0-0,FC Schalke 04,2022-08-20T13:30Z
3,Sat Aug 20 2022,15:30,CEST/+0200,FC Augsburg,1-2,1-1,1. FSV Mainz 05,2022-08-20T13:30Z
3,Sat Aug 20 2022,15:30,CEST/+0200,VfB Stuttgart,0-1,0-1,SC Freiburg,2022-08-20T13:30Z
3,Sat Aug 20 2022,18:30,CEST/+0200,1. FC Union Berlin,2-1,2-0,RB Leipzig,2022-08-20T16:30Z
3,Sat Aug 20 2022,15:30,CEST/+0200,Borussia Dortmund,2-3,1-0,Werder Bremen,2022-08-20T13:30Z
3,Sun Aug 21 2022,17:30,CEST/+0200,VfL Bochum,0-7,0-4,Bayern München,2022-08-21T15:30Z
3,Sun Aug 21 2022,15:30,CEST/+0200,Eintracht Frankfurt,1-1,0-0,1. FC Köln,2022-08-21T13:30Z
4,Fri Aug 26 2022,20:30,CEST/+0200,SC Freiburg,1-0,0-0,VfL Bochum,2022-08-26T18:30Z
4,Sat Aug 27 2022,15:30,CEST/+0200,1. FSV Mainz 05,0-3,0-3,Bayer Leverkusen,2022-08-27T13:30Z
4,Sat Aug 27 2022,15:30,CEST/+0200,1899 Hoffenheim,1-0,1-0,FC Augsburg,2022-08-27T13:30Z
4,Sat Aug 27 2022,15:30,CEST/+0200,Hertha BSC,0-1,0-1,Borussia Dortmund,2022-08-27T13:30Z
4,Sat Aug 27 2022,15:30,CEST/+0200,FC Schalke 04,1-6,1-3,1. FC Union Berlin,2022-08-27T13:30Z
4,Sat Aug 27 2022,18:30,CEST/+0200,Bayern München,1-1,0-1,Bor. Mönchengladbach,2022-08-27T16:30Z
4,Sat Aug 27 2022,15:30,CEST/+0200,RB Leipzig,2-0,1-0,VfL Wolfsburg,2022-08-27T13:30Z
4,Sun Aug 28 2022,17:30,CEST/+0200,Werder Bremen,3-4,2-3,Eintracht Frankfurt,2022-08-28T15:30Z
4,Sun Aug 28 2022,15:30,CEST/+0200,1. FC Köln,0-0,0-0,VfB Stuttgart,2022-08-28T13:30Z
5,Fri Sep 2 2022,20:30,CEST/+0200,Borussia Dortmund,1-0,1-0,1899 Hoffenheim,2022-09-02T18:30Z
5,Sat Sep 3 2022,15:30,CEST/+0200,Bayer Leverkusen,2-3,1-0,SC Freiburg,2022-09-03T13:30Z
5,Sat Sep 3 2022,15:30,CEST/+0200,1. FC Union Berlin,1-1,1-1,Bayern München,2022-09-03T13:30Z
5,Sat Sep 3 2022,15:30,CEST/+0200,VfL Wolfsburg,2-4,1-3,1. FC Köln,2022-09-03T13:30Z
5,Sat Sep 3 2022,15:30,CEST/+0200,VfL Bochum,0-2,0-0,Werder Bremen,2022-09-03T13:30Z
5,Sat Sep 3 2022,15:30,CEST/+0200,VfB Stuttgart,1-1,1-1,FC Schalke 04,2022-09-03T13:30Z
5,Sat Sep 3 2022,18:30,CEST/+0200,Eintracht Frankfurt,4-0,2-0,RB Leipzig,2022-09-03T16:30Z
5,Sun Sep 4 2022,17:30,CEST/+0200,Bor. Mönchengladbach,0-1,0-0,1. FSV Mainz 05,2022-09-04T15:30Z
5,Sun Sep 4 2022,15:30,CEST/+0200,FC Augsburg,0-2,0-0,Hertha BSC,2022-09-04T13:30Z
6,Fri Sep 9 2022,20:30,CEST/+0200,Werder Bremen,0-1,0-0,FC Augsburg,2022-09-09T18:30Z
6,Sat Sep 10 2022,15:30,CEST/+0200,Bayern München,2-2,1-0,VfB Stuttgart,2022-09-10T13:30Z
6,Sat Sep 10 2022,15:30,CEST/+0200,RB Leipzig,3-0,2-0,Borussia Dortmund,2022-09-10T13:30Z
6,Sat Sep 10 2022,15:30,CEST/+0200,1899 Hoffenheim,4-1,0-0,1. FSV Mainz 05,2022-09-10T13:30Z
6,Sat Sep 10 2022,15:30,CEST/+0200,Eintracht Frankfurt,0-1,0-0,VfL Wolfsburg,2022-09-10T13:30Z
6,Sat Sep 10 2022,15:30,CEST/+0200,Hertha BSC,2-2,0-0,Bayer Leverkusen,2022-09-10T13:30Z
6,Sat Sep 10 2022,18:30,CEST/+0200,FC Schalke 04,3-1,1-0,VfL Bochum,2022-09-10T16:30Z
6,Sun Sep 11 2022,17:30,CEST/+0200,SC Freiburg,0-0,0-0,Bor. Mönchengladbach,2022-09-11T15:30Z
6,Sun Sep 11 2022,15:30,CEST/+0200,1. FC Köln,0-1,0-1,1. FC Union Berlin,2022-09-11T13:30Z
7,Fri Sep 16 2022,20:30,CEST/+0200,1. FSV Mainz 05,1-1,0-1,Hertha BSC,2022-09-16T18:30Z
7,Sat Sep 17 2022,15:30,CEST/+0200,Borussia Dortmund,1-0,0-0,FC Schalke 04,2022-09-17T13:30Z
7,Sat Sep 17 2022,15:30,CEST/+0200,Bayer Leverkusen,1-1,0-0,Werder Bremen,2022-09-17T13:30Z
7,Sat Sep 17 2022,15:30,CEST/+0200,FC Augsburg,1-0,0-0,Bayern München,2022-09-17T13:30Z
7,Sat Sep 17 2022,15:30,CEST/+0200,VfB Stuttgart,1-3,0-1,Eintracht Frankfurt,2022-09-17T13:30Z
7,Sat Sep 17 2022,18:30,CEST/+0200,Bor. Mönchengladbach,3-0,2-0,RB Leipzig,2022-09-17T16:30Z
7,Sun Sep 18 2022,17:30,CEST/+0200,VfL Bochum,1-1,1-0,1. FC Köln,2022-09-18T15:30Z
7,Sun Sep 18 2022,19:30,CEST/+0200,1899 Hoffenheim,0-0,0-0,SC Freiburg,2022-09-18T17:30Z
7,Sun Sep 18 2022,15:30,CEST/+0200,1. FC Union Berlin,2-0,0-0,VfL Wolfsburg,2022-09-18T13:30Z
8,Fri Sep 30 2022,20:30,CEST/+0200,Bayern München,4-0,3-0,Bayer Leverkusen,2022-09-30T18:30Z
8,Sat Oct 1 2022,15:30,CEST/+0200,RB Leipzig,4-0,2-0,VfL Bochum,2022-10-01T13:30Z
8,Sat Oct 1 2022,15:30,CEST/+0200,SC Freiburg,2-1,2-0,1. FSV Mainz 05,2022-10-01T13:30Z
8,Sat Oct 1 2022,15:30,CEST/+0200,1. FC Köln,3-2,0-1,Borussia Dortmund,2022-10-01T13:30Z
8,Sat Oct 1 2022,15:30,CEST/+0200,Eintracht Frankfurt,2-0,2-0,1. FC Union Berlin,2022-10-01T13:30Z
8,Sat Oct 1 2022,15:30,CEST/+0200,VfL Wolfsburg,3-2,2-2,VfB Stuttgart,2022-10-01T13:30Z
8,Sat Oct 1 2022,18:30,CEST/+0200,Werder Bremen,5-1,4-0,Bor. Mönchengladbach,2022-10-01T16:30Z
8,Sun Oct 2 2022,17:30,CEST/+0200,FC Schalke 04,2-3,1-2,FC Augsburg,2022-10-02T15:30Z
8,Sun Oct 2 2022,15:30,CEST/+0200,Hertha BSC,1-1,1-1,1899 Hoffenheim,2022-10-02T13:30Z
9,Fri Oct 7 2022,20:30,CEST/+0200,1899 Hoffenheim,1-2,1-1,Werder Bremen,2022-10-07T18:30Z
9,Sat Oct 8 2022,15:30,CEST/+0200,Bayer Leverkusen,4-0,2-0,FC Schalke 04,2022-10-08T13:30Z
9,Sat Oct 8 2022,15:30,CEST/+0200,1. FSV Mainz 05,1-1,1-0,RB Leipzig,2022-10-08T13:30Z
9,Sat Oct 8 2022,15:30,CEST/+0200,VfL Bochum,3-0,0-0,Eintracht Frankfurt,2022-10-08T13:30Z
9,Sat Oct 8 2022,15:30,CEST/+0200,FC Augsburg,1-1,0-1,VfL Wolfsburg,2022-10-08T13:30Z
9,Sat Oct 8 2022,18:30,CEST/+0200,Borussia Dortmund,2-2,0-1,Bayern München,2022-10-08T16:30Z
9,Sun Oct 9 2022,17:30,CEST/+0200,Hertha BSC,2-2,1-1,SC Freiburg,2022-10-09T15:30Z
9,Sun Oct 9 2022,19:30,CEST/+0200,VfB Stuttgart,0-1,0-0,1. FC Union Berlin,2022-10-09T17:30Z
9,Sun Oct 9 2022,15:30,CEST/+0200,Bor. Mönchengladbach,5-2,2-1,1. FC Köln,2022-10-09T13:30Z
10,Fri Oct 14 2022,20:30,CEST/+0200,FC Schalke 04,0-3,0-2,1899 Hoffenheim,2022-10-14T18:30Z
10,Sat Oct 15 2022,15:30,CEST/+0200,Eintracht Frankfurt,5-1,1-0,Bayer Leverkusen,2022-10-15T13:30Z
10,Sat Oct 15 2022,15:30,CEST/+0200,VfL Wolfsburg,2-2,1-1,Bor. Mönchengladbach,2022-10-15T13:30Z
10,Sat Oct 15 2022,15:30,CEST/+0200,VfB Stuttgart,4-1,2-1,VfL Bochum,2022-10-15T13:30Z
10,Sat Oct 15 2022,15:30,CEST/+0200,Werder Bremen,0-2,0-1,1. FSV Mainz 05,2022-10-15T13:30Z
10,Sat Oct 15 2022,18:30,CEST/+0200,RB Leipzig,3-2,3-0,Hertha BSC,2022-10-15T16:30Z
10,Sun Oct 16 2022,17:30,CEST/+0200,1. FC Union Berlin,2-0,2-0,Borussia Dortmund,2022-10-16T15:30Z
10,Sun Oct 16 2022,19:30,CEST/+0200,Bayern München,5-0,2-0,SC Freiburg,2022-10-16T17:30Z
10,Sun Oct 16 2022,15:30,CEST/+0200,1. FC Köln,3-2,0-1,FC Augsburg,2022-10-16T13:30Z
11,Fri Oct 21 2022,20:30,CEST/+0200,1. FSV Mainz 05,5-0,3-0,1. FC Köln,2022-10-21T18:30Z
11,Sat Oct 22 2022,15:30,CEST/+0200,Borussia Dortmund,5-0,3-0,VfB Stuttgart,2022-10-22T13:30Z
11,Sat Oct 22 2022,15:30,CEST/+0200,Bayer Leverkusen,2-2,1-1,VfL Wolfsburg,2022-10-22T13:30Z
11,Sat Oct 22 2022,15:30,CEST/+0200,SC Freiburg,2-0,0-0,Werder Bremen,2022-10-22T13:30Z
11,Sat Oct 22 2022,15:30,CEST/+0200,1899 Hoffenheim,0-2,0-2,Bayern München,2022-10-22T13:30Z
11,Sat Oct 22 2022,15:30,CEST/+0200,FC Augsburg,3-3,1-0,RB Leipzig,2022-10-22T13:30Z
11,Sat Oct 22 2022,18:30,CEST/+0200,Bor. Mönchengladbach,1-3,0-3,Eintracht Frankfurt,2022-10-22T16:30Z
11,Sun Oct 23 2022,17:30,CEST/+0200,Hertha BSC,2-1,0-0,FC Schalke 04,2022-10-23T15:30Z
11,Sun Oct 23 2022,15:30,CEST/+0200,VfL Bochum,2-1,1-0,1. FC Union Berlin,2022-10-23T13:30Z
12,Fri Oct 28 2022,20:30,CEST/+0200,Werder Bremen,1-0,0-0,Hertha BSC,2022-10-28T18:30Z
12,Sat Oct 29 2022,15:30,CEST/+0200,RB Leipzig,2-0,1-0,Bayer Leverkusen,2022-10-29T13:30Z
12,Sat Oct 29 2022,15:30,CEST/+0200,VfL Wolfsburg,4-0,2-0,VfL Bochum,2022-10-29T13:30Z
12,Sat Oct 29 2022,15:30,CEST/+0200,VfB Stuttgart,2-1,1-1,FC Augsburg,2022-10-29T13:30Z
12,Sat Oct 29 2022,18:30,CEST/+0200,Eintracht Frankfurt,1-2,1-1,Borussia Dortmund,2022-10-29T16:30Z
12,Sat Oct 29 2022,15:30,CEST/+0200,Bayern München,6-2,3-1,1. FSV Mainz 05,2022-10-29T13:30Z
12,Sun Oct 30 2022,15:30,CET/+0100,1. FC Union Berlin,2-1,0-1,Bor. Mönchengladbach,2022-10-30T14:30Z
12,Sun Oct 30 2022,17:30,CET/+0100,FC Schalke 04,0-2,0-1,SC Freiburg,2022-10-30T16:30Z
12,Sun Oct 30 2022,19:30,CET/+0100,1. FC Köln,1-1,1-1,1899 Hoffenheim,2022-10-30T18:30Z
13,Fri Nov 4 2022,20:30,CET/+0100,Bor. Mönchengladbach,3-1,2-1,VfB Stuttgart,2022-11-04T19:30Z
13,Sat Nov 5 2022,15:30,CET/+0100,1. FSV Mainz 05,0-3,0-1,VfL Wolfsburg,2022-11-05T14:30Z
13,Sat Nov 5 2022,15:30,CET/+0100,1899 Hoffenheim,1-3,0-1,RB Leipzig,2022-11-05T14:30Z
13,Sat Nov 5 2022,15:30,CET/+0100,FC Augsburg,1-2,1-1,Eintracht Frankfurt,2022-11-05T14:30Z
13,Sat Nov 5 2022,15:30,CET/+0100,Hertha BSC,2-3,2-3,Bayern München,2022-11-05T14:30Z
13,Sat Nov 5 2022,18:30,CET/+0100,Werder Bremen,2-1,1-0,FC Schalke 04,2022-11-05T17:30Z
13,Sat Nov 5 2022,15:30,CET/+0100,Borussia Dortmund,3-0,3-0,VfL Bochum,2022-11-05T14:30Z
13,Sun Nov 6 2022,15:30,CET/+0100,Bayer Leverkusen,5-0,0-0,1. FC Union Berlin,2022-11-06T14:30Z
13,Sun Nov 6 2022,17:30,CET/+0100,SC Freiburg,2-0,0-0,1. FC Köln,2022-11-06T16:30Z
14,Tue Nov 8 2022,20:30,CET/+0100,Bayern München,6-1,4-1,Werder Bremen,2022-11-08T19:30Z
14,Tue Nov 8 2022,20:30,CET/+0100,VfL Bochum,2-1,2-0,Bor. Mönchengladbach,2022-11-08T19:30Z
14,Tue Nov 8 2022,20:30,CET/+0100,VfB Stuttgart,2-1,1-1,Hertha BSC,2022-11-08T19:30Z
14,Tue Nov 8 2022,18:30,CET/+0100,VfL Wolfsburg,2-0,1-0,Borussia Dortmund,2022-11-08T17:30Z
14,Wed Nov 9 2022,18:30,CET/+0100,1. FC Köln,1-2,1-0,Bayer Leverkusen,2022-11-09T17:30Z
14,Wed Nov 9 2022,20:30,CET/+0100,RB Leipzig,3-1,0-0,SC Freiburg,2022-11-09T19:30Z
14,Wed Nov 9 2022,20:30,CET/+0100,1. FC Union Berlin,2-2,2-2,FC Augsburg,2022-11-09T19:30Z
14,Wed Nov 9 2022,20:30,CET/+0100,Eintracht Frankfurt,4-2,3-1,1899 Hoffenheim,2022-11-09T19:30Z
14,Wed Nov 9 2022,20:30,CET/+0100,FC Schalke 04,1-0,1-0,1. FSV Mainz 05,2022-11-09T19:30Z
15,Fri Nov 11 2022,20:30,CET/+0100,Bor. Mönchengladbach,4-2,3-2,Borussia Dortmund,2022-11-11T19:30Z
15,Sat Nov 12 2022,15:30,CET/+0100,1899 Hoffenheim,1-2,1-1,VfL Wolfsburg,2022-11-12T14:30Z
15,Sat Nov 12 2022,15:30,CET/+0100,FC Augsburg,0-1,0-0,VfL Bochum,2022-11-12T14:30Z
15,Sat Nov 12 2022,15:30,CET/+0100,Hertha BSC,2-0,1-0,1. FC Köln,2022-11-12T14:30Z
15,Sat Nov 12 2022,15:30,CET/+0100,Werder Bremen,1-2,0-1,RB Leipzig,2022-11-12T14:30Z
15,Sat Nov 12 2022,18:30,CET/+0100,FC Schalke 04,0-2,0-1,Bayern München,2022-11-12T17:30Z
15,Sat Nov 12 2022,15:30,CET/+0100,Bayer Leverkusen,2-0,1-0,VfB Stuttgart,2022-11-12T14:30Z
15,Sun Nov 13 2022,17:30,CET/+0100,SC Freiburg,4-1,4-0,1. FC Union Berlin,2022-11-13T16:30Z
15,Sun Nov 13 2022,15:30,CET/+0100,1. FSV Mainz 05,1-1,1-0,Eintracht Frankfurt,2022-11-13T14:30Z
16,Fri Jan 20 2023,20:30,CET/+0100,RB Leipzig,1-1,0-1,Bayern München,2023-01-20T19:30Z
16,Sat Jan 21 2023,15:30,CET/+0100,Eintracht Frankfurt,3-0,1-0,FC Schalke 04,2023-01-21T14:30Z
16,Sat Jan 21 2023,15:30,CET/+0100,VfL Wolfsburg,6-0,3-0,SC Freiburg,2023-01-21T14:30Z
16,Sat Jan 21 2023,15:30,CET/+0100,VfL Bochum,3-1,2-0,Hertha BSC,2023-01-21T14:30Z
16,Sat Jan 21 2023,15:30,CET/+0100,VfB Stuttgart,1-1,1-1,1. FSV Mainz 05,2023-01-21T14:30Z
16,Sat Jan 21 2023,18:30,CET/+0100,1. FC Köln,7-1,5-1,Werder Bremen,2023-01-21T17:30Z
16,Sat Jan 21 2023,15:30,CET/+0100,1. FC Union Berlin,3-1,0-1,1899 Hoffenheim,2023-01-21T14:30Z
16,Sun Jan 22 2023,17:30,CET/+0100,Bor. Mönchengladbach,2-3,0-2,Bayer Leverkusen,2023-01-22T16:30Z
16,Sun Jan 22 2023,15:30,CET/+0100,Borussia Dortmund,4-3,2-2,FC Augsburg,2023-01-22T14:30Z
17,Tue Jan 24 2023,18:30,CET/+0100,FC Schalke 04,1-6,0-4,RB Leipzig,2023-01-24T17:30Z
17,Tue Jan 24 2023,20:30,CET/+0100,Bayern München,1-1,0-1,1. FC Köln,2023-01-24T19:30Z
17,Tue Jan 24 2023,20:30,CET/+0100,1899 Hoffenheim,2-2,1-1,VfB Stuttgart,2023-01-24T19:30Z
17,Tue Jan 24 2023,20:30,CET/+0100,Hertha BSC,0-5,0-3,VfL Wolfsburg,2023-01-24T19:30Z
17,Wed Jan 25 2023,20:30,CET/+0100,Bayer Leverkusen,2-0,1-0,VfL Bochum,2023-01-25T19:30Z
17,Wed Jan 25 2023,20:30,CET/+0100,SC Freiburg,1-1,0-1,Eintracht Frankfurt,2023-01-25T19:30Z
17,Wed Jan 25 2023,20:30,CET/+0100,FC Augsburg,1-0,0-0,Bor. Mönchengladbach,2023-01-25T19:30Z
17,Wed Jan 25 2023,20:30,CET/+0100,Werder Bremen,1-2,1-1,1. FC Union Berlin,2023-01-25T19:30Z
17,Wed Jan 25 2023,18:30,CET/+0100,1. FSV Mainz 05,1-2,1-1,Borussia Dortmund,2023-01-25T17:30Z
18,Fri Jan 27 2023,20:30,CET/+0100,RB Leipzig,2-1,1-0,VfB Stuttgart,2023-01-27T19:30Z
18,Sat Jan 28 2023,15:30,CET/+0100,Hertha BSC,0-2,0-1,1. FC Union Berlin,2023-01-28T14:30Z
18,Sat Jan 28 2023,15:30,CET/+0100,1899 Hoffenheim,1-4,0-2,Bor. Mönchengladbach,2023-01-28T14:30Z
18,Sat Jan 28 2023,15:30,CET/+0100,Werder Bremen,2-1,1-0,VfL Wolfsburg,2023-01-28T14:30Z
18,Sat Jan 28 2023,15:30,CET/+0100,1. FSV Mainz 05,5-2,3-0,VfL Bochum,2023-01-28T14:30Z
18,Sat Jan 28 2023,15:30,CET/+0100,SC Freiburg,3-1,2-1,FC Augsburg,2023-01-28T14:30Z
18,Sat Jan 28 2023,18:30,CET/+0100,Bayern München,1-1,1-0,Eintracht Frankfurt,2023-01-28T17:30Z
18,Sun Jan 29 2023,17:30,CET/+0100,Bayer Leverkusen,0-2,0-1,Borussia Dortmund,2023-01-29T16:30Z
18,Sun Jan 29 2023,15:30,CET/+0100,FC Schalke 04,0-0,0-0,1. FC Köln,2023-01-29T14:30Z
19,Fri Feb 3 2023,20:30,CET/+0100,FC Augsburg,1-0,0-0,Bayer Leverkusen,2023-02-03T19:30Z
19,Sat Feb 4 2023,15:30,CET/+0100,1. FC Köln,0-0,0-0,RB Leipzig,2023-02-04T14:30Z
19,Sat Feb 4 2023,15:30,CET/+0100,Borussia Dortmund,5-1,1-1,SC Freiburg,2023-02-04T14:30Z
19,Sat Feb 4 2023,15:30,CET/+0100,1. FC Union Berlin,2-1,1-0,1. FSV Mainz 05,2023-02-04T14:30Z
19,Sat Feb 4 2023,15:30,CET/+0100,VfL Bochum,5-2,3-0,1899 Hoffenheim,2023-02-04T14:30Z
19,Sat Feb 4 2023,15:30,CET/+0100,Eintracht Frankfurt,3-0,2-0,Hertha BSC,2023-02-04T14:30Z
19,Sat Feb 4 2023,18:30,CET/+0100,Bor. Mönchengladbach,0-0,0-0,FC Schalke 04,2023-02-04T17:30Z
19,Sun Feb 5 2023,17:30,CET/+0100,VfL Wolfsburg,2-4,1-3,Bayern München,2023-02-05T16:30Z
19,Sun Feb 5 2023,15:30,CET/+0100,VfB Stuttgart,0-2,0-0,Werder Bremen,2023-02-05T14:30Z
20,Fri Feb 10 2023,20:30,CET/+0100,FC Schalke 04,0-0,0-0,VfL Wolfsburg,2023-02-10T19:30Z
20,Sat Feb 11 2023,15:30,CET/+0100,Werder Bremen,0-2,0-0,Borussia Dortmund,2023-02-11T14:30Z
20,Sat Feb 11 2023,15:30,CET/+0100,1899 Hoffenheim,1-3,0-1,Bayer Leverkusen,2023-02-11T14:30Z
20,Sat Feb 11 2023,15:30,CET/+0100,Bayern München,3-0,1-0,VfL Bochum,2023-02-11T14:30Z
20,Sat Feb 11 2023,15:30,CET/+0100,1. FSV Mainz 05,3-1,2-1,FC Augsburg,2023-02-11T14:30Z
20,Sat Feb 11 2023,15:30,CET/+0100,SC Freiburg,2-1,0-1,VfB Stuttgart,2023-02-11T14:30Z
20,Sat Feb 11 2023,18:30,CET/+0100,RB Leipzig,1-2,1-0,1. FC Union Berlin,2023-02-11T17:30Z
20,Sun Feb 12 2023,17:30,CET/+0100,1. FC Köln,3-0,0-0,Eintracht Frankfurt,2023-02-12T16:30Z
20,Sun Feb 12 2023,15:30,CET/+0100,Hertha BSC,4-1,1-1,Bor. Mönchengladbach,2023-02-12T14:30Z
21,Fri Feb 17 2023,20:30,CET/+0100,FC Augsburg,1-0,0-0,1899 Hoffenheim,2023-02-17T19:30Z
21,Sat Feb 18 2023,15:30,CET/+0100,Bor. Mönchengladbach,3-2,1-1,Bayern München,2023-02-18T14:30Z
21,Sat Feb 18 2023,15:30,CET/+0100,VfL Wolfsburg,0-3,0-1,RB Leipzig,2023-02-18T14:30Z
21,Sat Feb 18 2023,15:30,CET/+0100,VfL Bochum,0-2,0-1,SC Freiburg,2023-02-18T14:30Z
21,Sat Feb 18 2023,15:30,CET/+0100,VfB Stuttgart,3-0,1-0,1. FC Köln,2023-02-18T14:30Z
21,Sat Feb 18 2023,18:30,CET/+0100,Eintracht Frankfurt,2-0,1-0,Werder Bremen,2023-02-18T17:30Z
21,Sun Feb 19 2023,17:30,CET/+0100,Borussia Dortmund,4-1,2-0,Hertha BSC,2023-02-19T16:30Z
21,Sun Feb 19 2023,19:30,CET/+0100,Bayer Leverkusen,2-3,1-2,1. FSV Mainz 05,2023-02-19T18:30Z
21,Sun Feb 19 2023,15:30,CET/+0100,1. FC Union Berlin,0-0,0-0,FC Schalke 04,2023-02-19T14:30Z
22,Fri Feb 24 2023,20:30,CET/+0100,1. FSV Mainz 05,4-0,1-0,Bor. Mönchengladbach,2023-02-24T19:30Z
22,Sat Feb 25 2023,15:30,CET/+0100,1899 Hoffenheim,0-1,0-1,Borussia Dortmund,2023-02-25T14:30Z
22,Sat Feb 25 2023,15:30,CET/+0100,RB Leipzig,2-1,2-0,Eintracht Frankfurt,2023-02-25T14:30Z
22,Sat Feb 25 2023,15:30,CET/+0100,1. FC Köln,0-2,0-1,VfL Wolfsburg,2023-02-25T14:30Z
22,Sat Feb 25 2023,15:30,CET/+0100,Werder Bremen,3-0,2-0,VfL Bochum,2023-02-25T14:30Z
22,Sat Feb 25 2023,15:30,CET/+0100,Hertha BSC,2-0,0-0,FC Augsburg,2023-02-25T14:30Z
22,Sat Feb 25 2023,18:30,CET/+0100,FC Schalke 04,2-1,2-0,VfB Stuttgart,2023-02-25T17:30Z
22,Sun Feb 26 2023,17:30,CET/+0100,Bayern München,3-0,3-0,1. FC Union Berlin,2023-02-26T16:30Z
22,Sun Feb 26 2023,15:30,CET/+0100,SC Freiburg,1-1,1-0,Bayer Leverkusen,2023-02-26T14:30Z
23,Fri Mar 3 2023,20:30,CET/+0100,Borussia Dortmund,2-1,2-0,RB Leipzig,2023-03-03T19:30Z
23,Sat Mar 4 2023,15:30,CET/+0100,Bor. Mönchengladbach,0-0,0-0,SC Freiburg,2023-03-04T14:30Z
23,Sat Mar 4 2023,15:30,CET/+0100,1. FC Union Berlin,0-0,0-0,1. FC Köln,2023-03-04T14:30Z
23,Sat Mar 4 2023,15:30,CET/+0100,1. FSV Mainz 05,1-0,1-0,1899 Hoffenheim,2023-03-04T14:30Z
23,Sat Mar 4 2023,15:30,CET/+0100,VfL Bochum,0-2,0-1,FC Schalke 04,2023-03-04T14:30Z
23,Sat Mar 4 2023,15:30,CET/+0100,FC Augsburg,2-1,1-1,Werder Bremen,2023-03-04T14:30Z
23,Sat Mar 4 2023,18:30,CET/+0100,VfB Stuttgart,1-2,0-1,Bayern München,2023-03-04T17:30Z
23,Sun Mar 5 2023,17:30,CET/+0100,VfL Wolfsburg,2-2,2-2,Eintracht Frankfurt,2023-03-05T16:30Z
23,Sun Mar 5 2023,15:30,CET/+0100,Bayer Leverkusen,4-1,2-0,Hertha BSC,2023-03-05T14:30Z
24,Fri Mar 10 2023,20:30,CET/+0100,1. FC Köln,0-2,0-1,VfL Bochum,2023-03-10T19:30Z
24,Sat Mar 11 2023,15:30,CET/+0100,Hertha BSC,1-1,1-0,1. FSV Mainz 05,2023-03-11T14:30Z
24,Sat Mar 11 2023,15:30,CET/+0100,RB Leipzig,3-0,0-0,Bor. Mönchengladbach,2023-03-11T14:30Z
24,Sat Mar 11 2023,15:30,CET/+0100,Bayern München,5-3,4-1,FC Augsburg,2023-03-11T14:30Z
24,Sat Mar 11 2023,15:30,CET/+0100,Eintracht Frankfurt,1-1,0-0,VfB Stuttgart,2023-03-11T14:30Z
24,Sat Mar 11 2023,18:30,CET/+0100,FC Schalke 04,2-2,0-1,Borussia Dortmund,2023-03-11T17:30Z
24,Sun Mar 12 2023,17:30,CET/+0100,Werder Bremen,2-3,1-1,Bayer Leverkusen,2023-03-12T16:30Z
24,Sun Mar 12 2023,19:30,CET/+0100,VfL Wolfsburg,1-1,0-0,1. FC Union Berlin,2023-03-12T18:30Z
24,Sun Mar 12 2023,15:30,CET/+0100,SC Freiburg,2-1,1-0,1899 Hoffenheim,2023-03-12T14:30Z
25,Fri Mar 17 2023,20:30,CET/+0100,Bor. Mönchengladbach,2-2,0-0,Werder Bremen,2023-03-17T19:30Z
25,Sat Mar 18 2023,15:30,CET/+0100,VfL Bochum,1-0,0-0,RB Leipzig,2023-03-18T14:30Z
25,Sat Mar 18 2023,15:30,CET/+0100,VfB Stuttgart,0-1,0-0,VfL Wolfsburg,2023-03-18T14:30Z
25,Sat Mar 18 2023,15:30,CET/+0100,1899 Hoffenheim,3-1,2-0,Hertha BSC,2023-03-18T14:30Z
25,Sat Mar 18 2023,15:30,CET/+0100,FC Augsburg,1-1,0-0,FC Schalke 04,2023-03-18T14:30Z
25,Sat Mar 18 2023,18:30,CET/+0100,Borussia Dortmund,6-1,4-1,1. FC Köln,2023-03-18T17:30Z
25,Sun Mar 19 2023,17:30,CET/+0100,Bayer Leverkusen,2-1,0-1,Bayern München,2023-03-19T16:30Z
25,Sun Mar 19 2023,19:30,CET/+0100,1. FSV Mainz 05,1-1,0-0,SC Freiburg,2023-03-19T18:30Z
25,Sun Mar 19 2023,15:30,CET/+0100,1. FC Union Berlin,2-0,0-0,Eintracht Frankfurt,2023-03-19T14:30Z
26,Fri Mar 31 2023,20:30,CEST/+0200,Eintracht Frankfurt,1-1,1-1,VfL Bochum,2023-03-31T18:30Z
26,Sat Apr 1 2023,15:30,CEST/+0200,FC Schalke 04,0-3,0-0,Bayer Leverkusen,2023-04-01T13:30Z
26,Sat Apr 1 2023,15:30,CEST/+0200,RB Leipzig,0-3,0-1,1. FSV Mainz 05,2023-04-01T13:30Z
26,Sat Apr 1 2023,15:30,CEST/+0200,VfL Wolfsburg,2-2,0-2,FC Augsburg,2023-04-01T13:30Z
26,Sat Apr 1 2023,15:30,CEST/+0200,1. FC Union Berlin,3-0,0-0,VfB Stuttgart,2023-04-01T13:30Z
26,Sat Apr 1 2023,15:30,CEST/+0200,SC Freiburg,1-1,0-0,Hertha BSC,2023-04-01T13:30Z
26,Sat Apr 1 2023,18:30,CEST/+0200,Bayern München,4-2,3-0,Borussia Dortmund,2023-04-01T16:30Z
26,Sun Apr 2 2023,17:30,CEST/+0200,Werder Bremen,1-2,0-0,1899 Hoffenheim,2023-04-02T15:30Z
26,Sun Apr 2 2023,15:30,CEST/+0200,1. FC Köln,0-0,0-0,Bor. Mönchengladbach,2023-04-02T13:30Z
27,Sat Apr 8 2023,15:30,CEST/+0200,Borussia Dortmund,2-1,1-0,1. FC Union Berlin,2023-04-08T13:30Z
27,Sat Apr 8 2023,15:30,CEST/+0200,FC Augsburg,1-3,1-2,1. FC Köln,2023-04-08T13:30Z
27,Sat Apr 8 2023,15:30,CEST/+0200,Bayer Leverkusen,3-1,2-0,Eintracht Frankfurt,2023-04-08T13:30Z
27,Sat Apr 8 2023,15:30,CEST/+0200,1. FSV Mainz 05,2-2,0-0,Werder Bremen,2023-04-08T13:30Z
27,Sat Apr 8 2023,18:30,CEST/+0200,Hertha BSC,0-1,0-1,RB Leipzig,2023-04-08T16:30Z
27,Sat Apr 8 2023,15:30,CEST/+0200,SC Freiburg,0-1,0-0,Bayern München,2023-04-08T13:30Z
27,Sun Apr 9 2023,15:30,CEST/+0200,Bor. Mönchengladbach,2-0,1-0,VfL Wolfsburg,2023-04-09T13:30Z
27,Sun Apr 9 2023,17:30,CEST/+0200,VfL Bochum,2-3,0-1,VfB Stuttgart,2023-04-09T15:30Z
27,Sun Apr 9 2023,19:30,CEST/+0200,1899 Hoffenheim,2-0,1-0,FC Schalke 04,2023-04-09T17:30Z
28,Fri Apr 14 2023,20:30,CEST/+0200,FC Schalke 04,5-2,2-1,Hertha BSC,2023-04-14T18:30Z
28,Sat Apr 15 2023,15:30,CEST/+0200,1. FC Köln,1-1,0-1,1. FSV Mainz 05,2023-04-15T13:30Z
28,Sat Apr 15 2023,15:30,CEST/+0200,Bayern München,1-1,1-0,1899 Hoffenheim,2023-04-15T13:30Z
28,Sat Apr 15 2023,15:30,CEST/+0200,RB Leipzig,3-2,3-1,FC Augsburg,2023-04-15T13:30Z
28,Sat Apr 15 2023,18:30,CEST/+0200,Eintracht Frankfurt,1-1,0-1,Bor. Mönchengladbach,2023-04-15T16:30Z
28,Sat Apr 15 2023,15:30,CEST/+0200,VfB Stuttgart,3-3,0-2,Borussia Dortmund,2023-04-15T13:30Z
28,Sun Apr 16 2023,15:30,CEST/+0200,Werder Bremen,1-2,0-0,SC Freiburg,2023-04-16T13:30Z
28,Sun Apr 16 2023,17:30,CEST/+0200,1. FC Union Berlin,1-1,1-0,VfL Bochum,2023-04-16T15:30Z
28,Sun Apr 16 2023,19:30,CEST/+0200,VfL Wolfsburg,0-0,0-0,Bayer Leverkusen,2023-04-16T17:30Z
29,Fri Apr 21 2023,20:30,CEST/+0200,FC Augsburg,1-1,1-0,VfB Stuttgart,2023-04-21T18:30Z
29,Sat Apr 22 2023,15:30,CEST/+0200,1899 Hoffenheim,1-3,0-2,1. FC Köln,2023-04-22T13:30Z
29,Sat Apr 22 2023,15:30,CEST/+0200,VfL Bochum,1-5,0-3,VfL Wolfsburg,2023-04-22T13:30Z
29,Sat Apr 22 2023,15:30,CEST/+0200,Hertha BSC,2-4,0-2,Werder Bremen,2023-04-22T13:30Z
29,Sat Apr 22 2023,18:30,CEST/+0200,Borussia Dortmund,4-0,3-0,Eintracht Frankfurt,2023-04-22T16:30Z
29,Sat Apr 22 2023,15:30,CEST/+0200,1. FSV Mainz 05,3-1,0-1,Bayern München,2023-04-22T13:30Z
29,Sun Apr 23 2023,15:30,CEST/+0200,SC Freiburg,4-0,2-0,FC Schalke 04,2023-04-23T13:30Z
29,Sun Apr 23 2023,17:30,CEST/+0200,Bayer Leverkusen,2-0,1-0,RB Leipzig,2023-04-23T15:30Z
29,Sun Apr 23 2023,19:30,CEST/+0200,Bor. Mönchengladbach,0-1,0-0,1. FC Union Berlin,2023-04-23T17:30Z
30,Fri Apr 28 2023,20:30,CEST/+0200,VfL Bochum,1-1,1-1,Borussia Dortmund,2023-04-28T18:30Z
30,Sat Apr 29 2023,15:30,CEST/+0200,1. FC Köln,0-1,0-0,SC Freiburg,2023-04-29T13:30Z
30,Sat Apr 29 2023,15:30,CEST/+0200,RB Leipzig,1-0,1-0,1899 Hoffenheim,2023-04-29T13:30Z
30,Sat Apr 29 2023,15:30,CEST/+0200,VfB Stuttgart,2-1,1-0,Bor. Mönchengladbach,2023-04-29T13:30Z
30,Sat Apr 29 2023,15:30,CEST/+0200,Eintracht Frankfurt,1-1,1-0,FC Augsburg,2023-04-29T13:30Z
30,Sat Apr 29 2023,18:30,CEST/+0200,FC Schalke 04,2-1,0-1,Werder Bremen,2023-04-29T16:30Z
30,Sat Apr 29 2023,15:30,CEST/+0200,1. FC Union Berlin,0-0,0-0,Bayer Leverkusen,2023-04-29T13:30Z
30,Sun Apr 30 2023,15:30,CEST/+0200,Bayern München,2-0,0-0,Hertha BSC,2023-04-30T13:30Z
30,Sun Apr 30 2023,17:30,CEST/+0200,VfL Wolfsburg,3-0,3-0,1. FSV Mainz 05,2023-04-30T15:30Z
31,Fri May 5 2023,20:30,CEST/+0200,1. FSV Mainz 05,2-3,0-1,FC Schalke 04,2023-05-05T18:30Z
31,Fri May 5 2023,20:30,CEST/+0200,Bayer Leverkusen,1-2,1-2,1. FC Köln,2023-05-05T18:30Z
31,Sat May 6 2023,15:30,CEST/+0200,SC Freiburg,0-1,0-0,RB Leipzig,2023-05-06T13:30Z
31,Sat May 6 2023,15:30,CEST/+0200,FC Augsburg,1-0,0-0,1. FC Union Berlin,2023-05-06T13:30Z
31,Sat May 6 2023,15:30,CEST/+0200,1899 Hoffenheim,3-1,3-0,Eintracht Frankfurt,2023-05-06T13:30Z
31,Sat May 6 2023,15:30,CEST/+0200,Bor. Mönchengladbach,2-0,1-0,VfL Bochum,2023-05-06T13:30Z
31,Sat May 6 2023,15:30,CEST/+0200,Hertha BSC,2-1,2-1,VfB Stuttgart,2023-05-06T13:30Z
31,Sat May 6 2023,18:30,CEST/+0200,Werder Bremen,1-2,0-0,Bayern München,2023-05-06T16:30Z
31,Sun May 7 2023,17:30,CEST/+0200,Borussia Dortmund,6-0,3-0,VfL Wolfsburg,2023-05-07T15:30Z
32,Fri May 12 2023,20:30,CEST/+0200,1. FC Köln,5-2,3-2,Hertha BSC,2023-05-12T18:30Z
32,Sat May 13 2023,15:30,CEST/+0200,Eintracht Frankfurt,3-0,2-0,1. FSV Mainz 05,2023-05-13T13:30Z
32,Sat May 13 2023,15:30,CEST/+0200,VfL Wolfsburg,2-1,1-0,1899 Hoffenheim,2023-05-13T13:30Z
32,Sat May 13 2023,15:30,CEST/+0200,VfL Bochum,3-2,1-1,FC Augsburg,2023-05-13T13:30Z
32,Sat May 13 2023,15:30,CEST/+0200,Bayern München,6-0,2-0,FC Schalke 04,2023-05-13T13:30Z
32,Sat May 13 2023,18:30,CEST/+0200,Borussia Dortmund,5-2,4-0,Bor. Mönchengladbach,2023-05-13T16:30Z
32,Sat May 13 2023,15:30,CEST/+0200,1. FC Union Berlin,4-2,3-0,SC Freiburg,2023-05-13T13:30Z
32,Sun May 14 2023,17:30,CEST/+0200,RB Leipzig,2-1,0-0,Werder Bremen,2023-05-14T15:30Z
32,Sun May 14 2023,15:30,CEST/+0200,VfB Stuttgart,1-1,0-0,Bayer Leverkusen,2023-05-14T13:30Z
33,Fri May 19 2023,20:30,CEST/+0200,SC Freiburg,2-0,0-0,VfL Wolfsburg,2023-05-19T18:30Z
33,Sat May 20 2023,15:30,CEST/+0200,Werder Bremen,1-1,0-1,1. FC Köln,2023-05-20T13:30Z
33,Sat May 20 2023,15:30,CEST/+0200,FC Schalke 04,2-2,1-1,Eintracht Frankfurt,2023-05-20T13:30Z
33,Sat May 20 2023,15:30,CEST/+0200,Hertha BSC,1-1,0-0,VfL Bochum,2023-05-20T13:30Z
33,Sat May 20 2023,18:30,CEST/+0200,Bayern München,1-3,1-0,RB Leipzig,2023-05-20T16:30Z
33,Sat May 20 2023,15:30,CEST/+0200,1899 Hoffenheim,4-2,2-1,1. FC Union Berlin,2023-05-20T13:30Z
33,Sun May 21 2023,17:30,CEST/+0200,FC Augsburg,0-3,0-0,Borussia Dortmund,2023-05-21T15:30Z
33,Sun May 21 2023,19:30,CEST/+0200,Bayer Leverkusen,2-2,2-0,Bor. Mönchengladbach,2023-05-21T17:30Z
33,Sun May 21 2023,15:30,CEST/+0200,1. FSV Mainz 05,1-4,1-1,VfB Stuttgart,2023-05-21T13:30Z
34,Sat May 27 2023,15:30,CEST/+0200,1. FC Köln,1-2,0-1,Bayern München,2023-05-27T13:30Z
34,Sat May 27 2023,15:30,CEST/+0200,VfL Bochum,3-0,2-0,Bayer Leverkusen,2023-05-27T13:30Z
34,Sat May 27 2023,15:30,CEST/+0200,Eintracht Frankfurt,2-1,0-1,SC Freiburg,2023-05-27T13:30Z
34,Sat May 27 2023,15:30,CEST/+0200,Borussia Dortmund,2-2,0-2,1. FSV Mainz 05,2023-05-27T13:30Z
34,Sat May 27 2023,15:30,CEST/+0200,VfB Stuttgart,1-1,0-0,1899 Hoffenheim,2023-05-27T13:30Z
34,Sat May 27 2023,15:30,CEST/+0200,Bor. Mönchengladbach,2-0,2-0,FC Augsburg,2023-05-27T13:30Z
34,Sat May 27 2023,15:30,CEST/+0200,VfL Wolfsburg,1-2,1-0,Hertha BSC,2023-05-27T13:30Z
34,Sat May 27 2023,15:30,CEST/+0200,RB Leipzig,4-2,2-1,FC Schalke 04,2023-05-27T13:30Z
34,Sat May 27 2023,15:30,CEST/+0200,1. FC Union Berlin,1-0,0-0,Werder Bremen,2023-05-27T13:30Z
