Round,Date,Time,Timezone,Team 1,FT,HT,Team 2,UTC
1,Fri Jul 29 2022,20:00,BST/+0100,Huddersfield Town,0-1,0-1,Burnley FC,2022-07-29T19:00Z
1,Sat Jul 30 2022,15:00,BST/+0100,Blackburn Rovers,1-0,1-0,Queens Park Rangers,2022-07-30T14:00Z
1,Sat Jul 30 2022,15:00,BST/+0100,Blackpool FC,1-0,1-0,Reading FC,2022-07-30T14:00Z
1,Sat Jul 30 2022,15:00,BST/+0100,Cardiff City,1-0,0-0,Norwich City,2022-07-30T14:00Z
1,Sat Jul 30 2022,15:00,BST/+0100,Millwall FC,2-0,1-0,Stoke City,2022-07-30T14:00Z
1,Sat Jul 30 2022,15:00,BST/+0100,Hull City,2-1,0-1,Bristol City,2022-07-30T14:00Z
1,Sat Jul 30 2022,15:00,BST/+0100,Luton Town,0-0,0-0,Birmingham City,2022-07-30T14:00Z
1,Sat Jul 30 2022,15:00,BST/+0100,Rotherham United,1-1,1-1,Swansea City,2022-07-30T14:00Z
1,Sat Jul 30 2022,15:00,BST/+0100,Wigan Athletic,0-0,0-0,Preston North End,2022-07-30T14:00Z
1,Sat Jul 30 2022,17:30,BST/+0100,Middlesbrough FC,1-1,1-0,West Bromwich Albion,2022-07-30T16:30Z
1,Sun Jul 31 2022,12:00,BST/+0100,Sunderland AFC,1-1,1-0,Coventry City,2022-07-31T11:00Z
1,Mon Aug 1 2022,20:00,BST/+0100,Watford FC,1-0,0-0,Sheffield United,2022-08-01T19:00Z
2,Fri Aug 5 2022,19:45,BST/+0100,Birmingham City,2-1,2-0,Huddersfield Town,2022-08-05T18:45Z
2,Sat Aug 6 2022,12:30,BST/+0100,Norwich City,1-1,0-1,Wigan Athletic,2022-08-06T11:30Z
2,Sat Aug 6 2022,15:00,BST/+0100,Bristol City,2-3,1-1,Sunderland AFC,2022-08-06T14:00Z
2,Sat Aug 6 2022,15:00,BST/+0100,Burnley FC,1-1,0-1,Luton Town,2022-08-06T14:00Z
2,Sat Aug 6 2022,15:00,BST/+0100,Reading FC,2-1,1-1,Cardiff City,2022-08-06T14:00Z
2,Sat Aug 6 2022,15:00,BST/+0100,Preston North End,0-0,0-0,Hull City,2022-08-06T14:00Z
2,Sat Aug 6 2022,15:00,BST/+0100,Queens Park Rangers,3-2,3-1,Middlesbrough FC,2022-08-06T14:00Z
2,Sat Aug 6 2022,15:00,BST/+0100,Sheffield United,2-0,2-0,Millwall FC,2022-08-06T14:00Z
2,Sat Aug 6 2022,15:00,BST/+0100,Stoke City,2-0,1-0,Blackpool FC,2022-08-06T14:00Z
2,Sat Aug 6 2022,15:00,BST/+0100,Swansea City,0-3,0-1,Blackburn Rovers,2022-08-06T14:00Z
2,Mon Aug 8 2022,20:00,BST/+0100,West Bromwich Albion,1-1,1-1,Watford FC,2022-08-08T19:00Z
3,Fri Aug 12 2022,20:00,BST/+0100,Watford FC,1-0,1-0,Burnley FC,2022-08-12T19:00Z
3,Sat Aug 13 2022,15:00,BST/+0100,Wigan Athletic,1-1,0-1,Bristol City,2022-08-13T14:00Z
3,Sat Aug 13 2022,12:30,BST/+0100,Cardiff City,1-0,1-0,Birmingham City,2022-08-13T11:30Z
3,Sat Aug 13 2022,15:00,BST/+0100,Sunderland AFC,2-2,2-0,Queens Park Rangers,2022-08-13T14:00Z
3,Sat Aug 13 2022,15:00,BST/+0100,Blackpool FC,0-1,0-0,Swansea City,2022-08-13T14:00Z
3,Sat Aug 13 2022,15:00,BST/+0100,Millwall FC,3-2,1-2,Coventry City,2022-08-13T14:00Z
3,Sat Aug 13 2022,15:00,BST/+0100,Huddersfield Town,3-1,1-0,Stoke City,2022-08-13T14:00Z
3,Sat Aug 13 2022,15:00,BST/+0100,Hull City,2-1,1-0,Norwich City,2022-08-13T14:00Z
3,Sat Aug 13 2022,15:00,BST/+0100,Luton Town,0-1,0-1,Preston North End,2022-08-13T14:00Z
3,Sat Aug 13 2022,15:00,BST/+0100,Rotherham United,4-0,4-0,Reading FC,2022-08-13T14:00Z
3,Sun Aug 14 2022,14:00,BST/+0100,Middlesbrough FC,2-2,1-1,Sheffield United,2022-08-14T13:00Z
3,Sun Aug 14 2022,15:00,BST/+0100,Blackburn Rovers,2-1,1-0,West Bromwich Albion,2022-08-14T14:00Z
4,Tue Aug 16 2022,19:45,BST/+0100,Burnley FC,1-1,1-1,Hull City,2022-08-16T18:45Z
4,Tue Aug 16 2022,19:45,BST/+0100,Birmingham City,1-1,1-0,Watford FC,2022-08-16T18:45Z
4,Tue Aug 16 2022,19:45,BST/+0100,Bristol City,2-0,2-0,Luton Town,2022-08-16T18:45Z
4,Tue Aug 16 2022,20:00,BST/+0100,Queens Park Rangers,0-1,0-1,Blackpool FC,2022-08-16T19:00Z
4,Tue Aug 16 2022,19:45,BST/+0100,Norwich City,2-1,2-0,Huddersfield Town,2022-08-16T18:45Z
4,Tue Aug 16 2022,19:45,BST/+0100,Preston North End,0-0,0-0,Rotherham United,2022-08-16T18:45Z
4,Tue Aug 16 2022,19:45,BST/+0100,Swansea City,2-2,2-0,Millwall FC,2022-08-16T18:45Z
4,Wed Aug 17 2022,20:00,BST/+0100,West Bromwich Albion,0-0,0-0,Cardiff City,2022-08-17T19:00Z
4,Wed Aug 17 2022,19:45,BST/+0100,Stoke City,2-2,1-1,Middlesbrough FC,2022-08-17T18:45Z
4,Wed Aug 17 2022,20:00,BST/+0100,Sheffield United,2-1,1-0,Sunderland AFC,2022-08-17T19:00Z
4,Wed Aug 17 2022,20:00,BST/+0100,Reading FC,3-0,1-0,Blackburn Rovers,2022-08-17T19:00Z
5,Fri Aug 19 2022,20:00,BST/+0100,Norwich City,2-0,0-0,Millwall FC,2022-08-19T19:00Z
5,Sat Aug 20 2022,15:00,BST/+0100,West Bromwich Albion,5-2,1-0,Hull City,2022-08-20T14:00Z
5,Sat Aug 20 2022,15:00,BST/+0100,Reading FC,1-0,1-0,Middlesbrough FC,2022-08-20T14:00Z
5,Sat Aug 20 2022,15:00,BST/+0100,Birmingham City,0-1,0-0,Wigan Athletic,2022-08-20T14:00Z
5,Sat Aug 20 2022,15:00,BST/+0100,Burnley FC,3-3,3-1,Blackpool FC,2022-08-20T14:00Z
5,Sat Aug 20 2022,15:00,BST/+0100,Swansea City,0-2,0-1,Luton Town,2022-08-20T14:00Z
5,Sat Aug 20 2022,15:00,BST/+0100,Preston North End,0-0,0-0,Watford FC,2022-08-20T14:00Z
5,Sat Aug 20 2022,15:00,BST/+0100,Queens Park Rangers,1-1,1-1,Rotherham United,2022-08-20T14:00Z
5,Sat Aug 20 2022,15:00,BST/+0100,Sheffield United,3-0,1-0,Blackburn Rovers,2022-08-20T14:00Z
5,Sat Aug 20 2022,15:00,BST/+0100,Stoke City,0-1,0-1,Sunderland AFC,2022-08-20T14:00Z
5,Sun Aug 21 2022,12:00,BST/+0100,Bristol City,2-0,1-0,Cardiff City,2022-08-21T11:00Z
6,Fri Aug 26 2022,20:00,BST/+0100,Luton Town,1-1,1-0,Sheffield United,2022-08-26T19:00Z
6,Sat Aug 27 2022,15:00,BST/+0100,Rotherham United,2-0,1-0,Birmingham City,2022-08-27T14:00Z
6,Sat Aug 27 2022,15:00,BST/+0100,Hull City,3-2,2-1,Coventry City,2022-08-27T14:00Z
6,Sat Aug 27 2022,15:00,BST/+0100,Wigan Athletic,1-5,1-2,Burnley FC,2022-08-27T14:00Z
6,Sat Aug 27 2022,12:30,BST/+0100,Sunderland AFC,0-1,0-0,Norwich City,2022-08-27T11:30Z
6,Sat Aug 27 2022,15:00,BST/+0100,Blackburn Rovers,0-1,0-1,Stoke City,2022-08-27T14:00Z
6,Sat Aug 27 2022,15:00,BST/+0100,Blackpool FC,3-3,1-1,Bristol City,2022-08-27T14:00Z
6,Sat Aug 27 2022,15:00,BST/+0100,Cardiff City,0-0,0-0,Preston North End,2022-08-27T14:00Z
6,Sat Aug 27 2022,15:00,BST/+0100,Middlesbrough FC,2-1,2-0,Swansea City,2022-08-27T14:00Z
6,Sat Aug 27 2022,15:00,BST/+0100,Millwall FC,0-1,0-1,Reading FC,2022-08-27T14:00Z
6,Sat Aug 27 2022,15:00,BST/+0100,Watford FC,2-3,1-2,Queens Park Rangers,2022-08-27T14:00Z
6,Sat Aug 27 2022,15:00,BST/+0100,Huddersfield Town,2-2,2-1,West Bromwich Albion,2022-08-27T14:00Z
7,Tue Aug 30 2022,19:45,BST/+0100,Sheffield United,4-0,1-0,Reading FC,2022-08-30T18:45Z
7,Tue Aug 30 2022,19:45,BST/+0100,Wigan Athletic,1-1,1-1,West Bromwich Albion,2022-08-30T18:45Z
7,Tue Aug 30 2022,19:45,BST/+0100,Queens Park Rangers,3-1,3-0,Hull City,2022-08-30T18:45Z
7,Tue Aug 30 2022,19:45,BST/+0100,Birmingham City,1-2,0-0,Norwich City,2022-08-30T18:45Z
7,Tue Aug 30 2022,19:45,BST/+0100,Cardiff City,1-2,0-0,Luton Town,2022-08-30T18:45Z
7,Tue Aug 30 2022,19:45,BST/+0100,Burnley FC,2-0,0-0,Millwall FC,2022-08-30T18:45Z
7,Tue Aug 30 2022,20:00,BST/+0100,Watford FC,2-1,1-1,Middlesbrough FC,2022-08-30T19:00Z
7,Wed Aug 31 2022,19:45,BST/+0100,Bristol City,2-0,1-0,Huddersfield Town,2022-08-31T18:45Z
7,Wed Aug 31 2022,20:00,BST/+0100,Blackpool FC,0-1,0-1,Blackburn Rovers,2022-08-31T19:00Z
7,Wed Aug 31 2022,19:45,BST/+0100,Stoke City,1-1,0-1,Swansea City,2022-08-31T18:45Z
7,Wed Aug 31 2022,19:45,BST/+0100,Sunderland AFC,3-0,0-0,Rotherham United,2022-08-31T18:45Z
7,Wed Aug 31 2022,19:45,BST/+0100,Coventry City,0-1,0-0,Preston North End,2022-08-31T18:45Z
8,Fri Sep 2 2022,20:00,BST/+0100,West Bromwich Albion,1-1,0-1,Burnley FC,2022-09-02T19:00Z
8,Sat Sep 3 2022,15:00,BST/+0100,Rotherham United,1-1,1-1,Watford FC,2022-09-03T14:00Z
8,Sat Sep 3 2022,15:00,BST/+0100,Preston North End,0-1,0-1,Birmingham City,2022-09-03T14:00Z
8,Sat Sep 3 2022,15:00,BST/+0100,Luton Town,1-2,1-0,Wigan Athletic,2022-09-03T14:00Z
8,Sat Sep 3 2022,15:00,BST/+0100,Blackburn Rovers,2-3,0-1,Bristol City,2022-09-03T14:00Z
8,Sat Sep 3 2022,15:00,BST/+0100,Millwall FC,2-0,0-0,Cardiff City,2022-09-03T14:00Z
8,Sat Sep 3 2022,15:00,BST/+0100,Norwich City,3-0,2-0,Coventry City,2022-09-03T14:00Z
8,Sat Sep 3 2022,15:00,BST/+0100,Swansea City,1-0,1-0,Queens Park Rangers,2022-09-03T14:00Z
8,Sun Sep 4 2022,15:00,BST/+0100,Hull City,0-2,0-1,Sheffield United,2022-09-04T14:00Z
8,Sun Sep 4 2022,12:00,BST/+0100,Reading FC,2-1,1-1,Stoke City,2022-09-04T11:00Z
8,Sun Sep 4 2022,15:00,BST/+0100,Huddersfield Town,0-1,0-1,Blackpool FC,2022-09-04T14:00Z
8,Mon Sep 5 2022,20:00,BST/+0100,Middlesbrough FC,1-0,1-0,Sunderland AFC,2022-09-05T19:00Z
10,Tue Sep 13 2022,19:45,BST/+0100,Huddersfield Town,1-2,0-1,Wigan Athletic,2022-09-13T18:45Z
10,Tue Sep 13 2022,19:45,BST/+0100,Middlesbrough FC,2-3,0-3,Cardiff City,2022-09-13T18:45Z
10,Tue Sep 13 2022,19:45,BST/+0100,Hull City,0-3,0-2,Stoke City,2022-09-13T18:45Z
10,Tue Sep 13 2022,20:00,BST/+0100,Preston North End,1-1,1-1,Burnley FC,2022-09-13T19:00Z
10,Tue Sep 13 2022,19:45,BST/+0100,Swansea City,0-1,0-0,Sheffield United,2022-09-13T18:45Z
10,Tue Sep 13 2022,19:45,BST/+0100,Blackburn Rovers,2-0,1-0,Watford FC,2022-09-13T18:45Z
10,Wed Sep 14 2022,19:45,BST/+0100,Norwich City,3-2,2-1,Bristol City,2022-09-14T18:45Z
10,Wed Sep 14 2022,20:00,BST/+0100,West Bromwich Albion,2-3,1-1,Birmingham City,2022-09-14T19:00Z
10,Wed Sep 14 2022,20:00,BST/+0100,Reading FC,0-3,0-2,Sunderland AFC,2022-09-14T19:00Z
10,Wed Sep 14 2022,19:45,BST/+0100,Rotherham United,3-0,1-0,Blackpool FC,2022-09-14T18:45Z
10,Wed Sep 14 2022,19:45,BST/+0100,Millwall FC,0-2,0-0,Queens Park Rangers,2022-09-14T18:45Z
10,Wed Sep 14 2022,19:45,BST/+0100,Luton Town,2-2,2-1,Coventry City,2022-09-14T18:45Z
11,Sat Sep 17 2022,15:00,BST/+0100,Wigan Athletic,0-1,0-0,Reading FC,2022-09-17T14:00Z
11,Sat Sep 17 2022,15:00,BST/+0100,Queens Park Rangers,0-0,0-0,Stoke City,2022-09-17T14:00Z
11,Sat Sep 17 2022,15:00,BST/+0100,Preston North End,0-2,0-1,Sheffield United,2022-09-17T14:00Z
11,Sat Sep 17 2022,19:45,BST/+0100,Middlesbrough FC,0-0,0-0,Rotherham United,2022-09-17T18:45Z
11,Sat Sep 17 2022,12:30,BST/+0100,Swansea City,3-0,0-0,Hull City,2022-09-17T11:30Z
11,Sat Sep 17 2022,15:00,BST/+0100,Birmingham City,0-0,0-0,Coventry City,2022-09-17T14:00Z
11,Sat Sep 17 2022,15:00,BST/+0100,Luton Town,2-0,0-0,Blackburn Rovers,2022-09-17T14:00Z
11,Sat Sep 17 2022,15:00,BST/+0100,Burnley FC,2-1,1-1,Bristol City,2022-09-17T14:00Z
11,Sat Sep 17 2022,15:00,BST/+0100,Millwall FC,2-1,1-1,Blackpool FC,2022-09-17T14:00Z
11,Sat Sep 17 2022,15:00,BST/+0100,Watford FC,2-2,1-1,Sunderland AFC,2022-09-17T14:00Z
11,Sat Sep 17 2022,15:00,BST/+0100,Huddersfield Town,1-0,1-0,Cardiff City,2022-09-17T14:00Z
11,Sat Sep 17 2022,15:00,BST/+0100,Norwich City,1-1,0-1,West Bromwich Albion,2022-09-17T14:00Z
12,Fri Sep 30 2022,20:00,BST/+0100,Hull City,0-2,0-2,Luton Town,2022-09-30T19:00Z
12,Sat Oct 1 2022,15:00,BST/+0100,Sunderland AFC,0-0,0-0,Preston North End,2022-10-01T14:00Z
12,Sat Oct 1 2022,15:00,BST/+0100,Blackburn Rovers,2-1,0-0,Millwall FC,2022-10-01T14:00Z
12,Sat Oct 1 2022,15:00,BST/+0100,Blackpool FC,0-1,0-1,Norwich City,2022-10-01T14:00Z
12,Sat Oct 1 2022,15:00,BST/+0100,Bristol City,1-2,0-2,Queens Park Rangers,2022-10-01T14:00Z
12,Sat Oct 1 2022,15:00,BST/+0100,Coventry City,1-0,1-0,Middlesbrough FC,2022-10-01T14:00Z
12,Sat Oct 1 2022,15:00,BST/+0100,Reading FC,3-1,2-0,Huddersfield Town,2022-10-01T14:00Z
12,Sat Oct 1 2022,15:00,BST/+0100,West Bromwich Albion,2-3,0-1,Swansea City,2022-10-01T14:00Z
12,Sat Oct 1 2022,15:00,BST/+0100,Sheffield United,1-1,0-0,Birmingham City,2022-10-01T14:00Z
12,Sat Oct 1 2022,15:00,BST/+0100,Cardiff City,1-1,0-0,Burnley FC,2022-10-01T14:00Z
12,Sat Oct 1 2022,15:00,BST/+0100,Rotherham United,0-2,0-1,Wigan Athletic,2022-10-01T14:00Z
12,Sun Oct 2 2022,12:00,BST/+0100,Stoke City,0-4,0-1,Watford FC,2022-10-02T11:00Z
13,Tue Oct 4 2022,19:45,BST/+0100,Sunderland AFC,0-0,0-0,Blackpool FC,2022-10-04T18:45Z
13,Tue Oct 4 2022,20:00,BST/+0100,Reading FC,1-1,0-0,Norwich City,2022-10-04T19:00Z
13,Tue Oct 4 2022,20:00,BST/+0100,Cardiff City,1-0,0-0,Blackburn Rovers,2022-10-04T19:00Z
13,Tue Oct 4 2022,19:45,BST/+0100,Sheffield United,0-1,0-0,Queens Park Rangers,2022-10-04T18:45Z
13,Tue Oct 4 2022,19:45,BST/+0100,Luton Town,3-3,3-2,Huddersfield Town,2022-10-04T18:45Z
13,Tue Oct 4 2022,19:45,BST/+0100,Bristol City,0-0,0-0,Coventry City,2022-10-04T18:45Z
13,Wed Oct 5 2022,19:45,BST/+0100,Hull City,2-1,1-1,Wigan Athletic,2022-10-05T18:45Z
13,Wed Oct 5 2022,19:45,BST/+0100,Burnley FC,1-1,0-0,Stoke City,2022-10-05T18:45Z
13,Wed Oct 5 2022,19:45,BST/+0100,Watford FC,1-2,1-0,Swansea City,2022-10-05T18:45Z
13,Wed Oct 5 2022,19:45,BST/+0100,Rotherham United,1-1,1-1,Millwall FC,2022-10-05T18:45Z
13,Wed Oct 5 2022,20:00,BST/+0100,Preston North End,1-0,1-0,West Bromwich Albion,2022-10-05T19:00Z
13,Wed Oct 5 2022,19:45,BST/+0100,Middlesbrough FC,1-0,1-0,Birmingham City,2022-10-05T18:45Z
14,Fri Oct 7 2022,20:00,BST/+0100,Queens Park Rangers,2-1,1-1,Reading FC,2022-10-07T19:00Z
14,Sat Oct 8 2022,15:00,BST/+0100,Birmingham City,3-0,2-0,Bristol City,2022-10-08T14:00Z
14,Sat Oct 8 2022,15:00,BST/+0100,Blackpool FC,3-1,1-1,Watford FC,2022-10-08T14:00Z
14,Sat Oct 8 2022,15:00,BST/+0100,Coventry City,0-1,0-1,Burnley FC,2022-10-08T14:00Z
14,Sat Oct 8 2022,15:00,BST/+0100,Millwall FC,2-0,1-0,Middlesbrough FC,2022-10-08T14:00Z
14,Sat Oct 8 2022,15:00,BST/+0100,Blackburn Rovers,3-0,1-0,Rotherham United,2022-10-08T14:00Z
14,Sat Oct 8 2022,15:00,BST/+0100,Stoke City,3-1,2-1,Sheffield United,2022-10-08T14:00Z
14,Sat Oct 8 2022,15:00,BST/+0100,Swansea City,2-1,2-0,Sunderland AFC,2022-10-08T14:00Z
14,Sat Oct 8 2022,15:00,BST/+0100,West Bromwich Albion,0-0,0-0,Luton Town,2022-10-08T14:00Z
14,Sat Oct 8 2022,15:00,BST/+0100,Wigan Athletic,1-3,0-1,Cardiff City,2022-10-08T14:00Z
14,Sat Oct 8 2022,15:00,BST/+0100,Norwich City,2-3,1-1,Preston North End,2022-10-08T14:00Z
14,Sun Oct 9 2022,12:00,BST/+0100,Huddersfield Town,2-0,1-0,Hull City,2022-10-09T11:00Z
9,Tue Oct 11 2022,19:45,BST/+0100,Wigan Athletic,1-0,0-0,Blackburn Rovers,2022-10-11T18:45Z
9,Wed Oct 12 2022,19:45,BST/+0100,Bristol City,2-1,0-0,Preston North End,2022-10-12T18:45Z
15,Sat Oct 15 2022,15:00,BST/+0100,Reading FC,0-2,0-1,West Bromwich Albion,2022-10-15T14:00Z
15,Sat Oct 15 2022,15:00,BST/+0100,Preston North End,0-2,0-0,Stoke City,2022-10-15T14:00Z
15,Sat Oct 15 2022,15:00,BST/+0100,Middlesbrough FC,1-2,1-2,Blackburn Rovers,2022-10-15T14:00Z
15,Sat Oct 15 2022,15:00,BST/+0100,Burnley FC,4-0,3-0,Swansea City,2022-10-15T14:00Z
15,Sat Oct 15 2022,15:00,BST/+0100,Cardiff City,0-1,0-1,Coventry City,2022-10-15T14:00Z
15,Sat Oct 15 2022,15:00,BST/+0100,Bristol City,1-2,0-1,Millwall FC,2022-10-15T14:00Z
15,Sat Oct 15 2022,15:00,BST/+0100,Sunderland AFC,2-1,0-1,Wigan Athletic,2022-10-15T14:00Z
15,Sat Oct 15 2022,12:30,BST/+0100,Rotherham United,2-1,1-1,Huddersfield Town,2022-10-15T11:30Z
15,Sat Oct 15 2022,12:30,BST/+0100,Luton Town,3-1,1-0,Queens Park Rangers,2022-10-15T11:30Z
15,Sat Oct 15 2022,19:45,BST/+0100,Watford FC,2-1,2-1,Norwich City,2022-10-15T18:45Z
15,Sat Oct 15 2022,15:00,BST/+0100,Sheffield United,3-3,2-2,Blackpool FC,2022-10-15T14:00Z
15,Sun Oct 16 2022,15:20,BST/+0100,Hull City,0-2,0-1,Birmingham City,2022-10-16T14:20Z
16,Tue Oct 18 2022,20:00,BST/+0100,West Bromwich Albion,0-2,0-2,Bristol City,2022-10-18T19:00Z
16,Tue Oct 18 2022,20:00,BST/+0100,Stoke City,0-1,0-1,Rotherham United,2022-10-18T19:00Z
16,Tue Oct 18 2022,20:00,BST/+0100,Blackburn Rovers,2-0,1-0,Sunderland AFC,2022-10-18T19:00Z
16,Tue Oct 18 2022,19:45,BST/+0100,Swansea City,3-2,1-2,Reading FC,2022-10-18T18:45Z
16,Tue Oct 18 2022,19:45,BST/+0100,Norwich City,0-1,0-0,Luton Town,2022-10-18T18:45Z
16,Tue Oct 18 2022,19:45,BST/+0100,Huddersfield Town,0-1,0-0,Preston North End,2022-10-18T18:45Z
16,Wed Oct 19 2022,19:45,BST/+0100,Coventry City,1-0,0-0,Sheffield United,2022-10-19T18:45Z
16,Wed Oct 19 2022,19:45,BST/+0100,Blackpool FC,1-3,1-2,Hull City,2022-10-19T18:45Z
16,Wed Oct 19 2022,20:00,BST/+0100,Millwall FC,3-0,3-0,Watford FC,2022-10-19T19:00Z
16,Wed Oct 19 2022,19:45,BST/+0100,Wigan Athletic,1-4,1-1,Middlesbrough FC,2022-10-19T18:45Z
16,Wed Oct 19 2022,19:45,BST/+0100,Birmingham City,1-1,0-0,Burnley FC,2022-10-19T18:45Z
16,Wed Oct 19 2022,19:45,BST/+0100,Queens Park Rangers,3-0,2-0,Cardiff City,2022-10-19T18:45Z
17,Sat Oct 22 2022,12:30,BST/+0100,Blackpool FC,4-2,1-1,Preston North End,2022-10-22T11:30Z
17,Sat Oct 22 2022,15:00,BST/+0100,Sunderland AFC,2-4,2-0,Burnley FC,2022-10-22T14:00Z
17,Sat Oct 22 2022,15:00,BST/+0100,Blackburn Rovers,2-1,2-0,Birmingham City,2022-10-22T14:00Z
17,Sat Oct 22 2022,15:00,BST/+0100,Middlesbrough FC,0-0,0-0,Huddersfield Town,2022-10-22T14:00Z
17,Sat Oct 22 2022,15:00,BST/+0100,Millwall FC,2-1,1-1,West Bromwich Albion,2022-10-22T14:00Z
17,Sat Oct 22 2022,15:00,BST/+0100,Reading FC,2-0,0-0,Bristol City,2022-10-22T14:00Z
17,Sat Oct 22 2022,15:00,BST/+0100,Queens Park Rangers,2-1,2-1,Wigan Athletic,2022-10-22T14:00Z
17,Sat Oct 22 2022,15:00,BST/+0100,Rotherham United,2-4,1-1,Hull City,2022-10-22T14:00Z
17,Sat Oct 22 2022,15:00,BST/+0100,Sheffield United,2-2,0-2,Norwich City,2022-10-22T14:00Z
17,Sat Oct 22 2022,15:00,BST/+0100,Stoke City,0-2,0-0,Coventry City,2022-10-22T14:00Z
17,Sun Oct 23 2022,12:00,BST/+0100,Swansea City,2-0,1-0,Cardiff City,2022-10-23T11:00Z
17,Sun Oct 23 2022,12:00,BST/+0100,Watford FC,4-0,2-0,Luton Town,2022-10-23T11:00Z
9,Tue Oct 25 2022,20:00,BST/+0100,Burnley FC,1-0,0-0,Norwich City,2022-10-25T19:00Z
2,Tue Oct 25 2022,19:45,BST/+0100,Coventry City,2-2,0-1,Rotherham United,2022-10-25T18:45Z
18,Fri Oct 28 2022,20:00,BST/+0100,Birmingham City,2-0,2-0,Queens Park Rangers,2022-10-28T19:00Z
18,Sat Oct 29 2022,15:00,BST/+0100,Luton Town,1-1,1-0,Sunderland AFC,2022-10-29T14:00Z
18,Sat Oct 29 2022,15:00,BST/+0100,Hull City,0-1,0-1,Blackburn Rovers,2022-10-29T14:00Z
18,Sat Oct 29 2022,15:00,BST/+0100,Huddersfield Town,1-0,1-0,Millwall FC,2022-10-29T14:00Z
18,Sat Oct 29 2022,15:00,BST/+0100,Norwich City,3-1,1-0,Stoke City,2022-10-29T14:00Z
18,Sat Oct 29 2022,15:00,BST/+0100,Coventry City,1-2,1-0,Blackpool FC,2022-10-29T14:00Z
18,Sat Oct 29 2022,15:00,BST/+0100,Cardiff City,1-0,0-0,Rotherham United,2022-10-29T14:00Z
18,Sat Oct 29 2022,12:30,BST/+0100,West Bromwich Albion,0-2,0-2,Sheffield United,2022-10-29T11:30Z
18,Sat Oct 29 2022,12:00,BST/+0100,Bristol City,1-1,1-0,Swansea City,2022-10-29T11:00Z
18,Sat Oct 29 2022,15:00,BST/+0100,Preston North End,2-1,1-1,Middlesbrough FC,2022-10-29T14:00Z
18,Sat Oct 29 2022,15:00,BST/+0100,Wigan Athletic,0-1,0-0,Watford FC,2022-10-29T14:00Z
18,Sat Oct 29 2022,15:00,BST/+0100,Burnley FC,2-1,0-0,Reading FC,2022-10-29T14:00Z
19,Tue Nov 1 2022,19:45,GMT/+0000,Hull City,1-3,0-1,Middlesbrough FC,2022-11-01T19:45Z
19,Tue Nov 1 2022,19:45,GMT/+0000,Luton Town,0-0,0-0,Reading FC,2022-11-01T19:45Z
19,Tue Nov 1 2022,19:45,GMT/+0000,Preston North End,1-0,1-0,Swansea City,2022-11-01T19:45Z
19,Tue Nov 1 2022,20:00,GMT/+0000,Bristol City,0-1,0-0,Sheffield United,2022-11-01T20:00Z
19,Tue Nov 1 2022,20:00,GMT/+0000,West Bromwich Albion,1-0,0-0,Blackpool FC,2022-11-01T20:00Z
19,Tue Nov 1 2022,19:45,GMT/+0000,Coventry City,1-0,1-0,Blackburn Rovers,2022-11-01T19:45Z
19,Wed Nov 2 2022,19:45,GMT/+0000,Burnley FC,3-2,1-1,Rotherham United,2022-11-02T19:45Z
19,Wed Nov 2 2022,19:45,GMT/+0000,Huddersfield Town,0-2,0-0,Sunderland AFC,2022-11-02T19:45Z
19,Wed Nov 2 2022,19:45,GMT/+0000,Norwich City,0-0,0-0,Queens Park Rangers,2022-11-02T19:45Z
19,Wed Nov 2 2022,19:45,GMT/+0000,Wigan Athletic,0-1,0-0,Stoke City,2022-11-02T19:45Z
19,Wed Nov 2 2022,19:45,GMT/+0000,Birmingham City,0-0,0-0,Millwall FC,2022-11-02T19:45Z
19,Wed Nov 2 2022,19:45,GMT/+0000,Cardiff City,1-2,1-1,Watford FC,2022-11-02T19:45Z
20,Fri Nov 4 2022,20:00,GMT/+0000,Reading FC,1-2,0-0,Preston North End,2022-11-04T20:00Z
20,Sat Nov 5 2022,15:00,GMT/+0000,Swansea City,2-2,1-2,Wigan Athletic,2022-11-05T15:00Z
20,Sat Nov 5 2022,15:00,GMT/+0000,Stoke City,1-2,0-1,Birmingham City,2022-11-05T15:00Z
20,Sat Nov 5 2022,15:00,GMT/+0000,Rotherham United,1-2,0-1,Norwich City,2022-11-05T15:00Z
20,Sat Nov 5 2022,15:00,GMT/+0000,Queens Park Rangers,0-1,0-0,West Bromwich Albion,2022-11-05T15:00Z
20,Sat Nov 5 2022,15:00,GMT/+0000,Watford FC,0-1,0-0,Coventry City,2022-11-05T15:00Z
20,Sat Nov 5 2022,15:00,GMT/+0000,Millwall FC,0-0,0-0,Hull City,2022-11-05T15:00Z
20,Sat Nov 5 2022,15:00,GMT/+0000,Middlesbrough FC,1-1,0-1,Bristol City,2022-11-05T15:00Z
20,Sat Nov 5 2022,15:00,GMT/+0000,Blackpool FC,0-1,0-0,Luton Town,2022-11-05T15:00Z
20,Sat Nov 5 2022,15:00,GMT/+0000,Blackburn Rovers,1-0,1-0,Huddersfield Town,2022-11-05T15:00Z
20,Sat Nov 5 2022,15:00,GMT/+0000,Sunderland AFC,0-1,0-0,Cardiff City,2022-11-05T15:00Z
20,Sat Nov 5 2022,12:30,GMT/+0000,Sheffield United,5-2,1-2,Burnley FC,2022-11-05T12:30Z
4,Tue Nov 8 2022,19:45,GMT/+0000,Coventry City,2-0,0-0,Wigan Athletic,2022-11-08T19:45Z
9,Tue Nov 8 2022,19:45,GMT/+0000,Birmingham City,2-2,1-2,Swansea City,2022-11-08T19:45Z
9,Tue Nov 8 2022,20:00,GMT/+0000,Watford FC,2-0,1-0,Reading FC,2022-11-08T20:00Z
9,Tue Nov 8 2022,19:45,GMT/+0000,Stoke City,2-0,2-0,Luton Town,2022-11-08T19:45Z
9,Tue Nov 8 2022,19:45,GMT/+0000,Sheffield United,0-1,0-1,Rotherham United,2022-11-08T19:45Z
9,Tue Nov 8 2022,19:45,GMT/+0000,Queens Park Rangers,1-2,1-2,Huddersfield Town,2022-11-08T19:45Z
9,Tue Nov 8 2022,19:45,GMT/+0000,Cardiff City,2-3,0-1,Hull City,2022-11-08T19:45Z
9,Tue Nov 8 2022,19:45,GMT/+0000,Blackpool FC,0-3,0-1,Middlesbrough FC,2022-11-08T19:45Z
21,Fri Nov 11 2022,20:00,GMT/+0000,Birmingham City,1-2,0-1,Sunderland AFC,2022-11-11T20:00Z
21,Sat Nov 12 2022,15:00,GMT/+0000,Norwich City,1-2,1-0,Middlesbrough FC,2022-11-12T15:00Z
21,Sat Nov 12 2022,15:00,GMT/+0000,West Bromwich Albion,2-0,1-0,Stoke City,2022-11-12T15:00Z
21,Sat Nov 12 2022,15:00,GMT/+0000,Wigan Athletic,2-1,0-1,Blackpool FC,2022-11-12T15:00Z
21,Sat Nov 12 2022,15:00,GMT/+0000,Bristol City,0-0,0-0,Watford FC,2022-11-12T15:00Z
21,Sat Nov 12 2022,15:00,GMT/+0000,Cardiff City,0-1,0-0,Sheffield United,2022-11-12T15:00Z
21,Sat Nov 12 2022,15:00,GMT/+0000,Coventry City,2-0,1-0,Queens Park Rangers,2022-11-12T15:00Z
21,Sat Nov 12 2022,15:00,GMT/+0000,Huddersfield Town,0-0,0-0,Swansea City,2022-11-12T15:00Z
21,Sat Nov 12 2022,15:00,GMT/+0000,Hull City,1-2,1-1,Reading FC,2022-11-12T15:00Z
21,Sat Nov 12 2022,15:00,GMT/+0000,Luton Town,1-1,0-1,Rotherham United,2022-11-12T15:00Z
21,Sat Nov 12 2022,15:00,GMT/+0000,Preston North End,2-4,2-2,Millwall FC,2022-11-12T15:00Z
21,Sun Nov 13 2022,12:30,GMT/+0000,Burnley FC,3-0,0-0,Blackburn Rovers,2022-11-13T12:30Z
9,Sat Dec 3 2022,12:30,GMT/+0000,Sunderland AFC,3-0,0-0,Millwall FC,2022-12-03T12:30Z
22,Sat Dec 10 2022,15:00,GMT/+0000,Millwall FC,1-1,1-1,Wigan Athletic,2022-12-10T15:00Z
22,Sat Dec 10 2022,15:00,GMT/+0000,Swansea City,0-1,0-1,Norwich City,2022-12-10T15:00Z
22,Sat Dec 10 2022,12:00,GMT/+0000,Blackburn Rovers,1-4,0-1,Preston North End,2022-12-10T12:00Z
22,Sat Dec 10 2022,12:30,GMT/+0000,Rotherham United,1-3,1-2,Bristol City,2022-12-10T12:30Z
22,Sat Dec 10 2022,14:00,GMT/+0000,Reading FC,1-0,0-0,Coventry City,2022-12-10T14:00Z
22,Sat Dec 10 2022,15:00,GMT/+0000,Blackpool FC,0-0,0-0,Birmingham City,2022-12-10T15:00Z
22,Sat Dec 10 2022,15:00,GMT/+0000,Middlesbrough FC,2-1,1-1,Luton Town,2022-12-10T15:00Z
22,Sat Dec 10 2022,15:00,GMT/+0000,Stoke City,2-2,2-1,Cardiff City,2022-12-10T15:00Z
22,Sat Dec 10 2022,15:00,GMT/+0000,Sheffield United,1-0,1-0,Huddersfield Town,2022-12-10T15:00Z
22,Sun Dec 11 2022,13:00,GMT/+0000,Queens Park Rangers,0-3,0-2,Burnley FC,2022-12-11T13:00Z
22,Sun Dec 11 2022,15:00,GMT/+0000,Watford FC,0-0,0-0,Hull City,2022-12-11T15:00Z
22,Mon Dec 12 2022,20:00,GMT/+0000,Sunderland AFC,1-2,1-0,West Bromwich Albion,2022-12-12T20:00Z
23,Fri Dec 16 2022,20:00,GMT/+0000,Birmingham City,3-2,3-0,Reading FC,2022-12-16T20:00Z
23,Sat Dec 17 2022,17:30,GMT/+0000,Norwich City,0-2,0-1,Blackburn Rovers,2022-12-17T17:30Z
23,Sat Dec 17 2022,15:00,GMT/+0000,West Bromwich Albion,3-0,1-0,Rotherham United,2022-12-17T15:00Z
23,Sat Dec 17 2022,15:00,GMT/+0000,Bristol City,1-2,1-1,Stoke City,2022-12-17T15:00Z
23,Sat Dec 17 2022,15:00,GMT/+0000,Cardiff City,1-1,1-0,Blackpool FC,2022-12-17T15:00Z
23,Sat Dec 17 2022,15:00,GMT/+0000,Coventry City,3-3,1-0,Swansea City,2022-12-17T15:00Z
23,Sat Dec 17 2022,15:00,GMT/+0000,Burnley FC,3-1,0-0,Middlesbrough FC,2022-12-17T15:00Z
23,Sat Dec 17 2022,15:00,GMT/+0000,Huddersfield Town,0-2,0-0,Watford FC,2022-12-17T15:00Z
23,Sat Dec 17 2022,15:00,GMT/+0000,Hull City,1-1,0-0,Sunderland AFC,2022-12-17T15:00Z
23,Sat Dec 17 2022,15:00,GMT/+0000,Preston North End,0-1,0-0,Queens Park Rangers,2022-12-17T15:00Z
23,Mon Dec 19 2022,20:00,GMT/+0000,Wigan Athletic,1-2,0-1,Sheffield United,2022-12-19T20:00Z
9,Wed Dec 21 2022,19:45,GMT/+0000,Coventry City,1-0,0-0,West Bromwich Albion,2022-12-21T19:45Z
24,Mon Dec 26 2022,19:45,GMT/+0000,Luton Town,2-1,0-0,Norwich City,2022-12-26T19:45Z
24,Mon Dec 26 2022,17:15,GMT/+0000,Cardiff City,0-0,0-0,Queens Park Rangers,2022-12-26T17:15Z
24,Mon Dec 26 2022,12:00,GMT/+0000,Watford FC,0-2,0-1,Millwall FC,2022-12-26T12:00Z
24,Mon Dec 26 2022,12:30,GMT/+0000,Sunderland AFC,2-1,1-1,Blackburn Rovers,2022-12-26T12:30Z
24,Mon Dec 26 2022,15:00,GMT/+0000,Bristol City,0-2,0-1,West Bromwich Albion,2022-12-26T15:00Z
24,Mon Dec 26 2022,15:00,GMT/+0000,Middlesbrough FC,4-1,1-0,Wigan Athletic,2022-12-26T15:00Z
24,Mon Dec 26 2022,15:00,GMT/+0000,Hull City,1-1,0-1,Blackpool FC,2022-12-26T15:00Z
24,Mon Dec 26 2022,15:00,GMT/+0000,Preston North End,1-2,1-0,Huddersfield Town,2022-12-26T15:00Z
24,Mon Dec 26 2022,15:00,GMT/+0000,Rotherham United,2-2,1-0,Stoke City,2022-12-26T15:00Z
24,Mon Dec 26 2022,15:00,GMT/+0000,Sheffield United,3-1,1-0,Coventry City,2022-12-26T15:00Z
24,Tue Dec 27 2022,17:15,GMT/+0000,Reading FC,2-1,1-0,Swansea City,2022-12-27T17:15Z
24,Tue Dec 27 2022,20:00,GMT/+0000,Burnley FC,3-0,2-0,Birmingham City,2022-12-27T20:00Z
25,Thu Dec 29 2022,20:15,GMT/+0000,Blackpool FC,1-2,0-1,Sheffield United,2022-12-29T20:15Z
25,Thu Dec 29 2022,20:00,GMT/+0000,West Bromwich Albion,2-0,1-0,Preston North End,2022-12-29T20:00Z
25,Thu Dec 29 2022,18:00,GMT/+0000,Queens Park Rangers,0-3,0-1,Luton Town,2022-12-29T18:00Z
25,Thu Dec 29 2022,19:45,GMT/+0000,Blackburn Rovers,1-2,1-0,Middlesbrough FC,2022-12-29T19:45Z
25,Thu Dec 29 2022,19:45,GMT/+0000,Coventry City,0-0,0-0,Cardiff City,2022-12-29T19:45Z
25,Thu Dec 29 2022,19:45,GMT/+0000,Millwall FC,0-0,0-0,Bristol City,2022-12-29T19:45Z
25,Thu Dec 29 2022,19:45,GMT/+0000,Huddersfield Town,2-0,1-0,Rotherham United,2022-12-29T19:45Z
25,Thu Dec 29 2022,19:45,GMT/+0000,Wigan Athletic,1-4,1-1,Sunderland AFC,2022-12-29T19:45Z
25,Fri Dec 30 2022,19:45,GMT/+0000,Swansea City,4-0,1-0,Watford FC,2022-12-30T19:45Z
25,Fri Dec 30 2022,19:45,GMT/+0000,Birmingham City,0-1,0-0,Hull City,2022-12-30T19:45Z
25,Fri Dec 30 2022,19:45,GMT/+0000,Norwich City,1-1,0-0,Reading FC,2022-12-30T19:45Z
25,Fri Dec 30 2022,19:45,GMT/+0000,Stoke City,0-1,0-0,Burnley FC,2022-12-30T19:45Z
26,Sun Jan 1 2023,15:00,GMT/+0000,Millwall FC,3-0,1-0,Rotherham United,2023-01-01T15:00Z
26,Sun Jan 1 2023,15:00,GMT/+0000,Huddersfield Town,1-2,1-1,Luton Town,2023-01-01T15:00Z
26,Sun Jan 1 2023,12:00,GMT/+0000,Blackburn Rovers,1-0,0-0,Cardiff City,2023-01-01T12:00Z
26,Sun Jan 1 2023,15:00,GMT/+0000,Blackpool FC,1-1,1-0,Sunderland AFC,2023-01-01T15:00Z
26,Sun Jan 1 2023,15:00,GMT/+0000,Coventry City,1-1,1-1,Bristol City,2023-01-01T15:00Z
26,Mon Jan 2 2023,15:00,GMT/+0000,Wigan Athletic,1-4,0-1,Hull City,2023-01-02T15:00Z
26,Mon Jan 2 2023,20:00,GMT/+0000,Queens Park Rangers,1-1,1-0,Sheffield United,2023-01-02T20:00Z
26,Mon Jan 2 2023,15:00,GMT/+0000,Birmingham City,1-3,0-0,Middlesbrough FC,2023-01-02T15:00Z
26,Mon Jan 2 2023,15:00,GMT/+0000,Norwich City,0-1,0-0,Watford FC,2023-01-02T15:00Z
26,Mon Jan 2 2023,15:00,GMT/+0000,Swansea City,1-2,1-2,Burnley FC,2023-01-02T15:00Z
26,Mon Jan 2 2023,15:00,GMT/+0000,West Bromwich Albion,1-0,0-0,Reading FC,2023-01-02T15:00Z
26,Mon Jan 2 2023,15:15,GMT/+0000,Stoke City,0-1,0-0,Preston North End,2023-01-02T15:15Z
27,Sat Jan 14 2023,15:00,GMT/+0000,Reading FC,2-2,2-0,Queens Park Rangers,2023-01-14T15:00Z
27,Sat Jan 14 2023,15:00,GMT/+0000,Preston North End,0-4,0-3,Norwich City,2023-01-14T15:00Z
27,Sat Jan 14 2023,12:30,GMT/+0000,Rotherham United,4-0,1-0,Blackburn Rovers,2023-01-14T12:30Z
27,Sat Jan 14 2023,15:00,GMT/+0000,Sunderland AFC,1-3,0-0,Swansea City,2023-01-14T15:00Z
27,Sat Jan 14 2023,15:00,GMT/+0000,Bristol City,4-2,2-1,Birmingham City,2023-01-14T15:00Z
27,Sat Jan 14 2023,15:00,GMT/+0000,Cardiff City,1-1,0-0,Wigan Athletic,2023-01-14T15:00Z
27,Sat Jan 14 2023,15:00,GMT/+0000,Burnley FC,1-0,0-0,Coventry City,2023-01-14T15:00Z
27,Sat Jan 14 2023,15:00,GMT/+0000,Middlesbrough FC,1-0,0-0,Millwall FC,2023-01-14T15:00Z
27,Sat Jan 14 2023,15:00,GMT/+0000,Luton Town,2-3,2-1,West Bromwich Albion,2023-01-14T15:00Z
27,Sat Jan 14 2023,15:00,GMT/+0000,Watford FC,2-0,0-0,Blackpool FC,2023-01-14T15:00Z
27,Sat Jan 14 2023,15:00,GMT/+0000,Hull City,1-1,0-1,Huddersfield Town,2023-01-14T15:00Z
27,Sat Jan 14 2023,15:00,GMT/+0000,Sheffield United,3-1,2-1,Stoke City,2023-01-14T15:00Z
28,Fri Jan 20 2023,19:45,GMT/+0000,Sheffield United,1-0,1-0,Hull City,2023-01-20T19:45Z
28,Fri Jan 20 2023,20:00,GMT/+0000,Burnley FC,2-1,0-1,West Bromwich Albion,2023-01-20T20:00Z
28,Sat Jan 21 2023,15:00,GMT/+0000,Wigan Athletic,0-2,0-1,Luton Town,2023-01-21T15:00Z
28,Sat Jan 21 2023,15:00,GMT/+0000,Stoke City,4-0,1-0,Reading FC,2023-01-21T15:00Z
28,Sat Jan 21 2023,12:30,GMT/+0000,Coventry City,2-4,2-3,Norwich City,2023-01-21T12:30Z
28,Sat Jan 21 2023,15:00,GMT/+0000,Birmingham City,1-2,0-2,Preston North End,2023-01-21T15:00Z
28,Sat Jan 21 2023,15:00,GMT/+0000,Bristol City,1-1,0-0,Blackburn Rovers,2023-01-21T15:00Z
28,Sat Jan 21 2023,15:00,GMT/+0000,Cardiff City,0-1,0-1,Millwall FC,2023-01-21T15:00Z
28,Sat Jan 21 2023,15:00,GMT/+0000,Watford FC,1-1,0-1,Rotherham United,2023-01-21T15:00Z
28,Sat Jan 21 2023,15:00,GMT/+0000,Queens Park Rangers,1-1,1-0,Swansea City,2023-01-21T15:00Z
28,Sun Jan 22 2023,12:00,GMT/+0000,Sunderland AFC,2-0,0-0,Middlesbrough FC,2023-01-22T12:00Z
5,Sat Jan 28 2023,15:00,GMT/+0000,Coventry City,2-0,0-0,Huddersfield Town,2023-01-28T15:00Z
29,Sat Jan 28 2023,15:00,GMT/+0000,Hull City,3-0,1-0,Queens Park Rangers,2023-01-28T15:00Z
29,Sat Jan 28 2023,15:00,GMT/+0000,Middlesbrough FC,2-0,2-0,Watford FC,2023-01-28T15:00Z
29,Tue Jan 31 2023,19:45,GMT/+0000,Luton Town,1-0,0-0,Cardiff City,2023-01-31T19:45Z
30,Fri Feb 3 2023,20:00,GMT/+0000,West Bromwich Albion,1-0,1-0,Coventry City,2023-02-03T20:00Z
30,Sat Feb 4 2023,12:30,GMT/+0000,Norwich City,0-3,0-1,Burnley FC,2023-02-04T12:30Z
30,Sat Feb 4 2023,15:00,GMT/+0000,Hull City,1-0,0-0,Cardiff City,2023-02-04T15:00Z
30,Sat Feb 4 2023,15:00,GMT/+0000,Swansea City,3-4,2-1,Birmingham City,2023-02-04T15:00Z
30,Sat Feb 4 2023,15:00,GMT/+0000,Preston North End,1-2,0-2,Bristol City,2023-02-04T15:00Z
30,Sat Feb 4 2023,15:00,GMT/+0000,Luton Town,1-0,1-0,Stoke City,2023-02-04T15:00Z
30,Sat Feb 4 2023,12:30,GMT/+0000,Rotherham United,0-0,0-0,Sheffield United,2023-02-04T12:30Z
30,Sat Feb 4 2023,15:00,GMT/+0000,Huddersfield Town,1-1,1-1,Queens Park Rangers,2023-02-04T15:00Z
30,Sat Feb 4 2023,15:00,GMT/+0000,Reading FC,2-2,0-1,Watford FC,2023-02-04T15:00Z
30,Sat Feb 4 2023,15:00,GMT/+0000,Millwall FC,1-1,0-0,Sunderland AFC,2023-02-04T15:00Z
30,Sat Feb 4 2023,15:00,GMT/+0000,Middlesbrough FC,3-0,1-0,Blackpool FC,2023-02-04T15:00Z
30,Mon Feb 6 2023,20:00,GMT/+0000,Blackburn Rovers,0-0,0-0,Wigan Athletic,2023-02-06T20:00Z
28,Tue Feb 7 2023,19:45,GMT/+0000,Blackpool FC,2-2,0-1,Huddersfield Town,2023-02-07T19:45Z
31,Fri Feb 10 2023,20:00,GMT/+0000,Birmingham City,2-0,1-0,West Bromwich Albion,2023-02-10T20:00Z
31,Sat Feb 11 2023,15:00,GMT/+0000,Queens Park Rangers,1-2,0-1,Millwall FC,2023-02-11T15:00Z
31,Sat Feb 11 2023,15:00,GMT/+0000,Wigan Athletic,1-0,0-0,Huddersfield Town,2023-02-11T15:00Z
31,Sat Feb 11 2023,15:00,GMT/+0000,Stoke City,0-0,0-0,Hull City,2023-02-11T15:00Z
31,Sat Feb 11 2023,15:00,GMT/+0000,Sheffield United,3-0,2-0,Swansea City,2023-02-11T15:00Z
31,Sat Feb 11 2023,15:00,GMT/+0000,Watford FC,1-1,0-1,Blackburn Rovers,2023-02-11T15:00Z
31,Sat Feb 11 2023,15:00,GMT/+0000,Burnley FC,3-0,1-0,Preston North End,2023-02-11T15:00Z
31,Sat Feb 11 2023,15:00,GMT/+0000,Coventry City,1-1,1-1,Luton Town,2023-02-11T15:00Z
31,Sat Feb 11 2023,15:00,GMT/+0000,Cardiff City,1-3,1-2,Middlesbrough FC,2023-02-11T15:00Z
31,Sat Feb 11 2023,15:00,GMT/+0000,Bristol City,1-0,1-0,Norwich City,2023-02-11T15:00Z
31,Sat Feb 11 2023,15:00,GMT/+0000,Blackpool FC,0-0,0-0,Rotherham United,2023-02-11T15:00Z
31,Sat Feb 11 2023,15:00,GMT/+0000,Sunderland AFC,1-0,0-0,Reading FC,2023-02-11T15:00Z
32,Tue Feb 14 2023,19:45,GMT/+0000,Queens Park Rangers,0-3,0-1,Sunderland AFC,2023-02-14T19:45Z
32,Tue Feb 14 2023,20:00,GMT/+0000,Burnley FC,1-1,0-1,Watford FC,2023-02-14T20:00Z
32,Tue Feb 14 2023,20:00,GMT/+0000,Reading FC,2-1,0-1,Rotherham United,2023-02-14T20:00Z
32,Tue Feb 14 2023,19:45,GMT/+0000,Coventry City,1-0,0-0,Millwall FC,2023-02-14T19:45Z
32,Tue Feb 14 2023,19:45,GMT/+0000,Birmingham City,0-2,0-0,Cardiff City,2023-02-14T19:45Z
32,Tue Feb 14 2023,19:45,GMT/+0000,Norwich City,3-1,1-1,Hull City,2023-02-14T19:45Z
32,Wed Feb 15 2023,19:45,GMT/+0000,Stoke City,3-0,1-0,Huddersfield Town,2023-02-15T19:45Z
32,Wed Feb 15 2023,20:00,GMT/+0000,Sheffield United,1-3,1-1,Middlesbrough FC,2023-02-15T20:00Z
32,Wed Feb 15 2023,20:00,GMT/+0000,West Bromwich Albion,1-1,0-0,Blackburn Rovers,2023-02-15T20:00Z
32,Wed Feb 15 2023,19:45,GMT/+0000,Preston North End,1-1,0-0,Luton Town,2023-02-15T19:45Z
32,Wed Feb 15 2023,19:45,GMT/+0000,Bristol City,1-1,1-0,Wigan Athletic,2023-02-15T19:45Z
32,Wed Feb 15 2023,19:45,GMT/+0000,Swansea City,2-1,1-0,Blackpool FC,2023-02-15T19:45Z
33,Fri Feb 17 2023,20:00,GMT/+0000,Cardiff City,1-0,0-0,Reading FC,2023-02-17T20:00Z
33,Sat Feb 18 2023,15:00,GMT/+0000,Middlesbrough FC,3-1,0-0,Queens Park Rangers,2023-02-18T15:00Z
33,Sat Feb 18 2023,15:00,GMT/+0000,Blackpool FC,1-0,1-0,Stoke City,2023-02-18T15:00Z
33,Sat Feb 18 2023,15:00,GMT/+0000,Blackburn Rovers,1-0,0-0,Swansea City,2023-02-18T15:00Z
33,Sat Feb 18 2023,15:00,GMT/+0000,Sunderland AFC,1-1,0-0,Bristol City,2023-02-18T15:00Z
33,Sat Feb 18 2023,12:30,GMT/+0000,Millwall FC,3-2,1-1,Sheffield United,2023-02-18T12:30Z
33,Sat Feb 18 2023,15:00,GMT/+0000,Wigan Athletic,0-0,0-0,Norwich City,2023-02-18T15:00Z
33,Sat Feb 18 2023,15:00,GMT/+0000,Rotherham United,0-2,0-0,Coventry City,2023-02-18T15:00Z
33,Sat Feb 18 2023,15:00,GMT/+0000,Luton Town,0-1,0-0,Burnley FC,2023-02-18T15:00Z
33,Sat Feb 18 2023,15:00,GMT/+0000,Hull City,0-0,0-0,Preston North End,2023-02-18T15:00Z
33,Sat Feb 18 2023,15:00,GMT/+0000,Huddersfield Town,2-1,1-1,Birmingham City,2023-02-18T15:00Z
33,Mon Feb 20 2023,20:00,GMT/+0000,Watford FC,3-2,1-0,West Bromwich Albion,2023-02-20T20:00Z
29,Tue Feb 21 2023,19:45,GMT/+0000,Millwall FC,1-1,0-0,Burnley FC,2023-02-21T19:45Z
29,Tue Feb 21 2023,19:45,GMT/+0000,Blackburn Rovers,1-0,1-0,Blackpool FC,2023-02-21T19:45Z
29,Tue Feb 21 2023,19:45,GMT/+0000,Norwich City,3-1,2-0,Birmingham City,2023-02-21T19:45Z
29,Tue Feb 21 2023,19:45,GMT/+0000,Rotherham United,2-1,1-0,Sunderland AFC,2023-02-21T19:45Z
29,Tue Feb 21 2023,19:45,GMT/+0000,Swansea City,1-3,1-2,Stoke City,2023-02-21T19:45Z
34,Sat Feb 25 2023,15:00,GMT/+0000,Norwich City,2-0,2-0,Cardiff City,2023-02-25T15:00Z
34,Sat Feb 25 2023,15:00,GMT/+0000,Sheffield United,1-0,0-0,Watford FC,2023-02-25T15:00Z
34,Sat Feb 25 2023,15:00,GMT/+0000,Stoke City,0-1,0-1,Millwall FC,2023-02-25T15:00Z
34,Sat Feb 25 2023,15:00,GMT/+0000,Queens Park Rangers,1-3,1-2,Blackburn Rovers,2023-02-25T15:00Z
34,Sat Feb 25 2023,15:00,GMT/+0000,West Bromwich Albion,2-0,2-0,Middlesbrough FC,2023-02-25T15:00Z
34,Sat Feb 25 2023,12:30,GMT/+0000,Coventry City,2-1,1-0,Sunderland AFC,2023-02-25T12:30Z
34,Sat Feb 25 2023,15:00,GMT/+0000,Birmingham City,0-1,0-0,Luton Town,2023-02-25T15:00Z
34,Sat Feb 25 2023,15:00,GMT/+0000,Bristol City,1-0,0-0,Hull City,2023-02-25T15:00Z
34,Sat Feb 25 2023,15:00,GMT/+0000,Burnley FC,4-0,3-0,Huddersfield Town,2023-02-25T15:00Z
34,Sat Feb 25 2023,15:00,GMT/+0000,Reading FC,3-1,1-0,Blackpool FC,2023-02-25T15:00Z
34,Sat Feb 25 2023,15:00,GMT/+0000,Preston North End,2-1,0-1,Wigan Athletic,2023-02-25T15:00Z
34,Mon Feb 27 2023,20:00,GMT/+0000,Swansea City,1-1,1-0,Rotherham United,2023-02-27T20:00Z
29,Tue Feb 28 2023,19:45,GMT/+0000,Preston North End,0-0,0-0,Coventry City,2023-02-28T19:45Z
23,Tue Feb 28 2023,20:00,GMT/+0000,Luton Town,2-2,0-1,Millwall FC,2023-02-28T20:00Z
35,Fri Mar 3 2023,20:00,GMT/+0000,Hull City,2-0,1-0,West Bromwich Albion,2023-03-03T20:00Z
35,Sat Mar 4 2023,15:00,GMT/+0000,Wigan Athletic,1-1,0-1,Birmingham City,2023-03-04T15:00Z
35,Sat Mar 4 2023,15:00,GMT/+0000,Rotherham United,3-1,1-0,Queens Park Rangers,2023-03-04T15:00Z
35,Sat Mar 4 2023,15:00,GMT/+0000,Luton Town,1-0,1-0,Swansea City,2023-03-04T15:00Z
35,Sat Mar 4 2023,12:30,GMT/+0000,Blackburn Rovers,1-0,1-0,Sheffield United,2023-03-04T12:30Z
35,Sat Mar 4 2023,12:30,GMT/+0000,Cardiff City,2-0,0-0,Bristol City,2023-03-04T12:30Z
35,Sat Mar 4 2023,15:00,GMT/+0000,Sunderland AFC,1-5,0-1,Stoke City,2023-03-04T15:00Z
35,Sat Mar 4 2023,15:00,GMT/+0000,Blackpool FC,0-0,0-0,Burnley FC,2023-03-04T15:00Z
35,Sat Mar 4 2023,15:00,GMT/+0000,Middlesbrough FC,5-0,2-0,Reading FC,2023-03-04T15:00Z
35,Sat Mar 4 2023,15:00,GMT/+0000,Millwall FC,2-3,1-1,Norwich City,2023-03-04T15:00Z
35,Sat Mar 4 2023,15:00,GMT/+0000,Watford FC,0-0,0-0,Preston North End,2023-03-04T15:00Z
35,Sat Mar 4 2023,15:00,GMT/+0000,Huddersfield Town,0-4,0-1,Coventry City,2023-03-04T15:00Z
29,Tue Mar 7 2023,20:00,GMT/+0000,Reading FC,0-1,0-0,Sheffield United,2023-03-07T20:00Z
29,Tue Mar 7 2023,19:45,GMT/+0000,Huddersfield Town,0-0,0-0,Bristol City,2023-03-07T19:45Z
29,Tue Mar 7 2023,20:00,GMT/+0000,West Bromwich Albion,1-0,1-0,Wigan Athletic,2023-03-07T20:00Z
36,Fri Mar 10 2023,20:00,GMT/+0000,Stoke City,3-2,2-0,Blackburn Rovers,2023-03-10T20:00Z
36,Sat Mar 11 2023,12:30,GMT/+0000,Bristol City,2-0,0-0,Blackpool FC,2023-03-11T12:30Z
36,Sat Mar 11 2023,15:00,GMT/+0000,Birmingham City,2-0,2-0,Rotherham United,2023-03-11T15:00Z
36,Sat Mar 11 2023,15:00,GMT/+0000,Coventry City,1-1,0-0,Hull City,2023-03-11T15:00Z
36,Sat Mar 11 2023,15:00,GMT/+0000,Burnley FC,3-0,1-0,Wigan Athletic,2023-03-11T15:00Z
36,Sat Mar 11 2023,15:00,GMT/+0000,Reading FC,0-1,0-1,Millwall FC,2023-03-11T15:00Z
36,Sat Mar 11 2023,15:00,GMT/+0000,Preston North End,2-0,0-0,Cardiff City,2023-03-11T15:00Z
36,Sat Mar 11 2023,15:00,GMT/+0000,Queens Park Rangers,1-0,1-0,Watford FC,2023-03-11T15:00Z
36,Sat Mar 11 2023,15:00,GMT/+0000,Sheffield United,0-1,0-0,Luton Town,2023-03-11T15:00Z
36,Sat Mar 11 2023,15:00,GMT/+0000,Swansea City,1-3,1-0,Middlesbrough FC,2023-03-11T15:00Z
36,Sat Mar 11 2023,15:00,GMT/+0000,West Bromwich Albion,1-0,1-0,Huddersfield Town,2023-03-11T15:00Z
36,Sun Mar 12 2023,12:00,GMT/+0000,Norwich City,0-1,0-1,Sunderland AFC,2023-03-12T12:00Z
37,Tue Mar 14 2023,19:45,GMT/+0000,Blackpool FC,6-1,4-1,Queens Park Rangers,2023-03-14T19:45Z
37,Tue Mar 14 2023,19:45,GMT/+0000,Millwall FC,2-1,0-0,Swansea City,2023-03-14T19:45Z
37,Tue Mar 14 2023,19:45,GMT/+0000,Watford FC,3-0,2-0,Birmingham City,2023-03-14T19:45Z
37,Tue Mar 14 2023,19:45,GMT/+0000,Rotherham United,1-2,1-2,Preston North End,2023-03-14T19:45Z
37,Tue Mar 14 2023,19:45,GMT/+0000,Wigan Athletic,1-1,0-0,Coventry City,2023-03-14T19:45Z
37,Tue Mar 14 2023,20:00,GMT/+0000,Middlesbrough FC,1-1,1-1,Stoke City,2023-03-14T20:00Z
37,Wed Mar 15 2023,19:45,GMT/+0000,Cardiff City,1-1,0-1,West Bromwich Albion,2023-03-15T19:45Z
37,Wed Mar 15 2023,19:45,GMT/+0000,Huddersfield Town,1-1,0-1,Norwich City,2023-03-15T19:45Z
37,Wed Mar 15 2023,19:45,GMT/+0000,Hull City,1-3,0-1,Burnley FC,2023-03-15T19:45Z
37,Wed Mar 15 2023,19:45,GMT/+0000,Luton Town,1-0,1-0,Bristol City,2023-03-15T19:45Z
37,Wed Mar 15 2023,20:00,GMT/+0000,Sunderland AFC,1-2,1-1,Sheffield United,2023-03-15T20:00Z
37,Wed Mar 15 2023,19:45,GMT/+0000,Blackburn Rovers,2-1,1-0,Reading FC,2023-03-15T19:45Z
38,Sat Mar 18 2023,15:00,GMT/+0000,Sunderland AFC,1-1,0-0,Luton Town,2023-03-18T15:00Z
38,Sat Mar 18 2023,15:00,GMT/+0000,Blackpool FC,1-4,1-2,Coventry City,2023-03-18T15:00Z
38,Sat Mar 18 2023,15:00,GMT/+0000,Middlesbrough FC,4-0,1-0,Preston North End,2023-03-18T15:00Z
38,Sat Mar 18 2023,15:00,GMT/+0000,Millwall FC,0-1,0-0,Huddersfield Town,2023-03-18T15:00Z
38,Sat Mar 18 2023,15:00,GMT/+0000,Reading FC,1-1,1-1,Hull City,2023-03-18T15:00Z
38,Sat Mar 18 2023,15:00,GMT/+0000,Watford FC,1-1,1-0,Wigan Athletic,2023-03-18T15:00Z
38,Sat Mar 18 2023,15:00,GMT/+0000,Queens Park Rangers,0-1,0-1,Birmingham City,2023-03-18T15:00Z
38,Sat Mar 18 2023,15:00,GMT/+0000,Stoke City,0-0,0-0,Norwich City,2023-03-18T15:00Z
38,Sun Mar 19 2023,12:30,GMT/+0000,Swansea City,2-0,1-0,Bristol City,2023-03-19T12:30Z
39,Fri Mar 31 2023,20:00,BST/+0100,Burnley FC,0-0,0-0,Sunderland AFC,2023-03-31T19:00Z
39,Sat Apr 1 2023,15:00,BST/+0100,Norwich City,0-1,0-0,Sheffield United,2023-04-01T14:00Z
39,Sat Apr 1 2023,15:00,BST/+0100,West Bromwich Albion,0-0,0-0,Millwall FC,2023-04-01T14:00Z
39,Sat Apr 1 2023,15:00,BST/+0100,Wigan Athletic,1-0,1-0,Queens Park Rangers,2023-04-01T14:00Z
39,Sat Apr 1 2023,12:30,BST/+0100,Luton Town,2-0,1-0,Watford FC,2023-04-01T11:30Z
39,Sat Apr 1 2023,12:30,BST/+0100,Preston North End,3-1,2-0,Blackpool FC,2023-04-01T11:30Z
39,Sat Apr 1 2023,15:00,BST/+0100,Birmingham City,1-0,0-0,Blackburn Rovers,2023-04-01T14:00Z
39,Sat Apr 1 2023,15:00,BST/+0100,Bristol City,1-1,1-0,Reading FC,2023-04-01T14:00Z
39,Sat Apr 1 2023,15:00,BST/+0100,Cardiff City,2-3,1-2,Swansea City,2023-04-01T14:00Z
39,Sat Apr 1 2023,15:00,BST/+0100,Coventry City,0-4,0-2,Stoke City,2023-04-01T14:00Z
39,Sat Apr 1 2023,15:00,BST/+0100,Huddersfield Town,4-2,0-1,Middlesbrough FC,2023-04-01T14:00Z
39,Sat Apr 1 2023,15:00,BST/+0100,Hull City,0-0,0-0,Rotherham United,2023-04-01T14:00Z
40,Fri Apr 7 2023,15:00,BST/+0100,Reading FC,1-1,1-1,Birmingham City,2023-04-07T14:00Z
40,Fri Apr 7 2023,17:30,BST/+0100,Sunderland AFC,4-4,2-2,Hull City,2023-04-07T16:30Z
40,Fri Apr 7 2023,15:00,BST/+0100,Swansea City,0-0,0-0,Coventry City,2023-04-07T14:00Z
40,Fri Apr 7 2023,12:30,BST/+0100,Millwall FC,0-0,0-0,Luton Town,2023-04-07T11:30Z
40,Fri Apr 7 2023,13:00,BST/+0100,Rotherham United,3-1,1-1,West Bromwich Albion,2023-04-07T12:00Z
40,Fri Apr 7 2023,15:00,BST/+0100,Blackburn Rovers,0-2,0-1,Norwich City,2023-04-07T14:00Z
40,Fri Apr 7 2023,15:00,BST/+0100,Blackpool FC,1-3,0-3,Cardiff City,2023-04-07T14:00Z
40,Fri Apr 7 2023,20:00,BST/+0100,Middlesbrough FC,1-2,0-1,Burnley FC,2023-04-07T19:00Z
40,Fri Apr 7 2023,15:00,BST/+0100,Watford FC,2-3,1-1,Huddersfield Town,2023-04-07T14:00Z
40,Fri Apr 7 2023,15:00,BST/+0100,Queens Park Rangers,0-2,0-0,Preston North End,2023-04-07T14:00Z
40,Fri Apr 7 2023,15:00,BST/+0100,Sheffield United,1-0,1-0,Wigan Athletic,2023-04-07T14:00Z
40,Fri Apr 7 2023,15:00,BST/+0100,Stoke City,1-2,1-0,Bristol City,2023-04-07T14:00Z
41,Mon Apr 10 2023,17:30,BST/+0100,Bristol City,2-2,1-0,Middlesbrough FC,2023-04-10T16:30Z
41,Mon Apr 10 2023,15:00,BST/+0100,Wigan Athletic,0-2,0-2,Swansea City,2023-04-10T14:00Z
41,Mon Apr 10 2023,20:00,BST/+0100,Burnley FC,2-0,0-0,Sheffield United,2023-04-10T19:00Z
41,Mon Apr 10 2023,12:30,BST/+0100,Huddersfield Town,2-2,2-0,Blackburn Rovers,2023-04-10T11:30Z
41,Mon Apr 10 2023,15:00,BST/+0100,Birmingham City,0-0,0-0,Stoke City,2023-04-10T14:00Z
41,Mon Apr 10 2023,15:00,BST/+0100,Cardiff City,0-1,0-0,Sunderland AFC,2023-04-10T14:00Z
41,Mon Apr 10 2023,15:00,BST/+0100,Coventry City,2-2,0-2,Watford FC,2023-04-10T14:00Z
41,Mon Apr 10 2023,15:00,BST/+0100,Hull City,1-0,0-0,Millwall FC,2023-04-10T14:00Z
41,Mon Apr 10 2023,15:00,BST/+0100,Luton Town,3-1,1-1,Blackpool FC,2023-04-10T14:00Z
41,Mon Apr 10 2023,15:00,BST/+0100,Norwich City,0-0,0-0,Rotherham United,2023-04-10T14:00Z
41,Mon Apr 10 2023,15:00,BST/+0100,Preston North End,2-1,0-0,Reading FC,2023-04-10T14:00Z
41,Mon Apr 10 2023,15:00,BST/+0100,West Bromwich Albion,2-2,2-1,Queens Park Rangers,2023-04-10T14:00Z
42,Fri Apr 14 2023,20:00,BST/+0100,Middlesbrough FC,5-1,4-1,Norwich City,2023-04-14T19:00Z
42,Sat Apr 15 2023,15:00,BST/+0100,Rotherham United,0-2,0-1,Luton Town,2023-04-15T14:00Z
42,Sat Apr 15 2023,15:00,BST/+0100,Stoke City,1-2,1-0,West Bromwich Albion,2023-04-15T14:00Z
42,Sat Apr 15 2023,15:00,BST/+0100,Swansea City,1-0,0-0,Huddersfield Town,2023-04-15T14:00Z
42,Sat Apr 15 2023,12:30,BST/+0100,Sheffield United,4-1,1-1,Cardiff City,2023-04-15T11:30Z
42,Sat Apr 15 2023,15:00,BST/+0100,Sunderland AFC,2-1,1-1,Birmingham City,2023-04-15T14:00Z
42,Sat Apr 15 2023,15:00,BST/+0100,Blackpool FC,1-0,1-0,Wigan Athletic,2023-04-15T14:00Z
42,Sat Apr 15 2023,15:00,BST/+0100,Millwall FC,2-0,1-0,Preston North End,2023-04-15T14:00Z
42,Sat Apr 15 2023,15:00,BST/+0100,Reading FC,0-0,0-0,Burnley FC,2023-04-15T14:00Z
42,Sat Apr 15 2023,15:00,BST/+0100,Watford FC,2-0,1-0,Bristol City,2023-04-15T14:00Z
42,Sat Apr 15 2023,15:00,BST/+0100,Queens Park Rangers,0-3,0-1,Coventry City,2023-04-15T14:00Z
42,Sat Apr 15 2023,19:45,BST/+0100,Blackburn Rovers,0-0,0-0,Hull City,2023-04-15T18:45Z
43,Tue Apr 18 2023,19:45,BST/+0100,Stoke City,0-1,0-0,Wigan Athletic,2023-04-18T18:45Z
43,Tue Apr 18 2023,20:00,BST/+0100,Millwall FC,0-1,0-1,Birmingham City,2023-04-18T19:00Z
43,Tue Apr 18 2023,19:45,BST/+0100,Sheffield United,1-0,0-0,Bristol City,2023-04-18T18:45Z
43,Tue Apr 18 2023,19:45,BST/+0100,Sunderland AFC,1-1,1-0,Huddersfield Town,2023-04-18T18:45Z
43,Tue Apr 18 2023,19:45,BST/+0100,Blackpool FC,0-2,0-1,West Bromwich Albion,2023-04-18T18:45Z
43,Tue Apr 18 2023,19:45,BST/+0100,Rotherham United,2-2,1-1,Burnley FC,2023-04-18T18:45Z
43,Wed Apr 19 2023,19:45,BST/+0100,Watford FC,1-3,1-3,Cardiff City,2023-04-19T18:45Z
43,Wed Apr 19 2023,20:00,BST/+0100,Middlesbrough FC,3-1,0-1,Hull City,2023-04-19T19:00Z
43,Wed Apr 19 2023,19:45,BST/+0100,Swansea City,4-2,3-0,Preston North End,2023-04-19T18:45Z
43,Wed Apr 19 2023,19:45,BST/+0100,Blackburn Rovers,1-1,1-0,Coventry City,2023-04-19T18:45Z
43,Wed Apr 19 2023,20:00,BST/+0100,Reading FC,1-1,0-0,Luton Town,2023-04-19T19:00Z
43,Wed Apr 19 2023,19:45,BST/+0100,Queens Park Rangers,1-1,1-0,Norwich City,2023-04-19T18:45Z
44,Sat Apr 22 2023,15:00,BST/+0100,Burnley FC,1-2,0-0,Queens Park Rangers,2023-04-22T14:00Z
44,Sat Apr 22 2023,15:00,BST/+0100,Wigan Athletic,2-1,1-1,Millwall FC,2023-04-22T14:00Z
44,Sat Apr 22 2023,17:30,BST/+0100,Preston North End,1-1,0-0,Blackburn Rovers,2023-04-22T16:30Z
44,Sat Apr 22 2023,15:00,BST/+0100,Birmingham City,0-1,0-0,Blackpool FC,2023-04-22T14:00Z
44,Sat Apr 22 2023,15:00,BST/+0100,Bristol City,2-1,1-0,Rotherham United,2023-04-22T14:00Z
44,Sat Apr 22 2023,15:00,BST/+0100,Cardiff City,1-1,1-1,Stoke City,2023-04-22T14:00Z
44,Sat Apr 22 2023,15:00,BST/+0100,Coventry City,2-1,1-0,Reading FC,2023-04-22T14:00Z
44,Sat Apr 22 2023,15:00,BST/+0100,Norwich City,0-3,0-2,Swansea City,2023-04-22T14:00Z
44,Sat Apr 22 2023,15:00,BST/+0100,Hull City,1-0,1-0,Watford FC,2023-04-22T14:00Z
44,Sun Apr 23 2023,12:00,BST/+0100,West Bromwich Albion,1-2,1-0,Sunderland AFC,2023-04-23T11:00Z
44,Mon Apr 24 2023,20:00,BST/+0100,Luton Town,2-1,0-1,Middlesbrough FC,2023-04-24T19:00Z
38,Tue Apr 25 2023,20:00,BST/+0100,Blackburn Rovers,0-1,0-0,Burnley FC,2023-04-25T19:00Z
38,Wed Apr 26 2023,20:00,BST/+0100,Sheffield United,2-0,0-0,West Bromwich Albion,2023-04-26T19:00Z
38,Thu Apr 27 2023,20:00,BST/+0100,Rotherham United,1-2,1-1,Cardiff City,2023-04-27T19:00Z
45,Fri Apr 28 2023,20:00,BST/+0100,Blackpool FC,2-3,1-1,Millwall FC,2023-04-28T19:00Z
45,Sat Apr 29 2023,15:00,BST/+0100,Hull City,1-1,1-1,Swansea City,2023-04-29T14:00Z
45,Sat Apr 29 2023,15:00,BST/+0100,Sunderland AFC,2-2,0-1,Watford FC,2023-04-29T14:00Z
45,Sat Apr 29 2023,15:00,BST/+0100,Bristol City,1-2,0-1,Burnley FC,2023-04-29T14:00Z
45,Sat Apr 29 2023,15:00,BST/+0100,Coventry City,2-0,2-0,Birmingham City,2023-04-29T14:00Z
45,Sat Apr 29 2023,15:00,BST/+0100,Reading FC,1-1,0-0,Wigan Athletic,2023-04-29T14:00Z
45,Sat Apr 29 2023,17:30,BST/+0100,West Bromwich Albion,2-1,1-1,Norwich City,2023-04-29T16:30Z
45,Sat Apr 29 2023,15:00,BST/+0100,Sheffield United,4-1,1-0,Preston North End,2023-04-29T14:00Z
45,Sat Apr 29 2023,15:00,BST/+0100,Stoke City,0-1,0-0,Queens Park Rangers,2023-04-29T14:00Z
45,Sun Apr 30 2023,12:00,BST/+0100,Cardiff City,1-2,0-0,Huddersfield Town,2023-04-30T11:00Z
45,Mon May 1 2023,17:30,BST/+0100,Blackburn Rovers,1-1,0-0,Luton Town,2023-05-01T16:30Z
45,Mon May 1 2023,13:00,BST/+0100,Rotherham United,1-0,0-0,Middlesbrough FC,2023-05-01T12:00Z
44,Thu May 4 2023,19:45,BST/+0100,Huddersfield Town,1-0,0-0,Sheffield United,2023-05-04T18:45Z
46,Mon May 8 2023,15:00,BST/+0100,Birmingham City,1-2,0-0,Sheffield United,2023-05-08T14:00Z
46,Mon May 8 2023,15:00,BST/+0100,Burnley FC,3-0,2-0,Cardiff City,2023-05-08T14:00Z
46,Mon May 8 2023,15:00,BST/+0100,Middlesbrough FC,1-1,1-1,Coventry City,2023-05-08T14:00Z
46,Mon May 8 2023,15:00,BST/+0100,Millwall FC,3-4,3-1,Blackburn Rovers,2023-05-08T14:00Z
46,Mon May 8 2023,15:00,BST/+0100,Watford FC,2-0,0-0,Stoke City,2023-05-08T14:00Z
46,Mon May 8 2023,15:00,BST/+0100,Huddersfield Town,2-0,0-0,Reading FC,2023-05-08T14:00Z
46,Mon May 8 2023,15:00,BST/+0100,Luton Town,0-0,0-0,Hull City,2023-05-08T14:00Z
46,Mon May 8 2023,15:00,BST/+0100,Norwich City,0-1,0-1,Blackpool FC,2023-05-08T14:00Z
46,Mon May 8 2023,15:00,BST/+0100,Preston North End,0-3,0-0,Sunderland AFC,2023-05-08T14:00Z
46,Mon May 8 2023,15:00,BST/+0100,Queens Park Rangers,0-2,0-1,Bristol City,2023-05-08T14:00Z
46,Mon May 8 2023,15:00,BST/+0100,Swansea City,3-2,1-1,West Bromwich Albion,2023-05-08T14:00Z
46,Mon May 8 2023,15:00,BST/+0100,Wigan Athletic,0-0,0-0,Rotherham United,2023-05-08T14:00Z
